00:00.0,114.8973707,4.97826883,,,Position,Start Time,End Time,Column Equivalent Start Time,Column Equivalent End Time,,,,,,,,,,,
00:01.0,114.8973703,4.97826833,,,1,0,1.59,2,83,,,,,,,,,,,
00:02.0,114.8973697,4.9782675,,,2,3.59,6,144,195,,,,,,,,,,,
00:03.0,114.8973688,4.97826633,,,3,8,10,259,328,,,,,,,,,,,
00:04.0,114.897368,4.9782655,,,4,11.3,13.3,381,461,,,,,,,,,,,
00:06.0,114.897367,4.97826383,,,5,16.41,18.4,562,636,,,,,,,,,,,
00:07.0,114.8973667,4.97826367,,,6,20.3,22.3,703,778,,,,,,,,,,,
00:08.0,114.897366,4.9782635,,,7,27.11,29.1,924,994,,,,,,,Longitude,St.dev Lon,,Latitude,St.dev Lat
00:09.0,114.8973653,4.97826333,,,8,30.4,32.4,1050,1119,,,,,,,114.8973701,3.56E-06,,4.97827639,4.37E-06
00:12.0,114.8973655,4.97826933,,,9,33.5,35.5,1163,1230,,,,,,,114.8976867,8.96E-06,,4.978141096,1.41E-05
00:14.0,114.8973653,4.9782735,,,10,37.15,39.14,1284,1354,,,,,,,114.8979603,7.59E-07,,4.978390626,4.36E-07
00:17.0,114.8973642,4.9782775,,,,,,,,,,,,,,114.8980979,7.31E-07,,4.978461663,3.80E-07
00:18.0,114.8973642,4.97827833,,,,,,,,,,,,,,114.8982914,5.22E-07,,4.978013919,6.73E-07
00:19.0,114.8973635,4.978279,,,,,,,,,,,,,,114.8979249,2.84E-07,,4.97727888,8.53E-07
00:20.0,114.8973635,4.97828017,,,,,,,,,,,,,,114.8974175,7.16E-07,,4.977262376,5.04E-07
00:21.0,114.8973637,4.97828083,,,,,,,,,,,,,,114.897319,3.81E-07,,4.977561647,2.12E-06
00:22.0,114.8973638,4.97828133,,,,,,,,,,,,,,114.8971728,1.53E-06,,4.977857922,4.24E-07
00:23.0,114.897364,4.9782815,,,,,,,,,,,,,,114.8972172,1.06E-05,,4.978318662,8.46E-06
00:24.0,114.8973642,4.97828133,,,,,,,,,,,,,,,,,,
00:25.0,114.8973643,4.978281,,,,,,,,,,,,,,,,,,
00:26.0,114.8973645,4.97828033,,,,,,,,,,,,,,,,,,
00:27.0,114.8973643,4.9782795,,,,,,,,,,,,,,,,,,
00:29.0,114.8973643,4.9782785,,,,,,,,,,,,,,,,,,
00:30.0,114.8973648,4.9782785,,,,,,,,,,,,,,,,,,
00:31.0,114.8973657,4.97827867,,,,,,,,,,,,,,,,,,
00:33.0,114.8973677,4.978279,,,,,,,,,,,,,,,,,,
00:35.0,114.8973697,4.97827917,,,,,,,,,,,,,,,,,,
00:36.0,114.8973702,4.97827917,,,,,,,,,,,,,,,,,,
00:38.0,114.897371,4.97827817,,,,,,,,,,,,,,,,,,
00:40.0,114.8973713,4.97827717,,,,,,,,,,,,,,,,,,
00:42.0,114.897372,4.9782765,,,,,,,,,,,,,,,,,,
00:43.0,114.8973723,4.9782765,,,,,,,,,,,,,,,,,,
00:44.0,114.8973727,4.9782765,,,,,,,,,,,,,,,,,,
00:45.0,114.8973728,4.97827633,,,,,,,,,,,,,,,,,,
00:46.0,114.8973735,4.97827683,,,,,,,,,,,,,,,,,,
00:48.0,114.897375,4.9782775,,,,,,,,,,,,,,,,,,
00:49.0,114.8973752,4.9782775,,,,,,,,,,,,,,,,,,
00:50.0,114.8973755,4.9782775,,,,,,,,,,,,,,,,,,
00:52.0,114.8973753,4.97827767,,,,,,,,,,,,,,,,,,
00:54.0,114.8973755,4.978278,,,,,,,,,,,,,,,,,,
00:55.0,114.8973758,4.97827817,,,,,,,,,,,,,,,,,,
00:56.0,114.8973758,4.97827817,,,,,,,,,,,,,,,,,,
00:58.0,114.8973753,4.97827817,,,,,,,,,,,,,,,,,,
01:00.0,114.8973745,4.97827767,,,,,,,,,,,,,,,,,,
01:02.0,114.8973735,4.978277,,,,,,,,,,,,,,,,,,
01:03.0,114.8973735,4.978277,,,,,,,,,,,,,,,,,,
01:04.0,114.8973732,4.97827667,,,,,,,,,,,,,,,,,,
01:05.0,114.8973733,4.97827683,,,,,,,,,,,,,,,,,,
01:06.0,114.8973733,4.978277,,,,,,,,,,,,,,,,,,
01:07.0,114.8973732,4.978277,,,,,,,,,,,,,,,,,,
01:08.0,114.8973728,4.978277,,,,,,,,,,,,,,,,,,
01:09.0,114.8973725,4.978277,,,,,,,,,,,,,,,,,,
01:12.0,114.8973725,4.97827717,,,,,,,,,,,,,,,,,,
01:14.0,114.8973722,4.9782765,,,,,,,,,,,,,,,,,,
01:17.0,114.8973715,4.97827617,,,,,,,,,,,,,,,,,,
01:19.0,114.8973713,4.97827617,,,,,,,,,,,,,,,,,,
01:21.0,114.8973712,4.978276,,,,,,,,,,,,,,,,,,
01:22.0,114.8973712,4.978276,,,,,,,,,,,,,,,,,,
01:24.0,114.8973712,4.97827617,,,,,,,,,,,,,,,,,,
01:26.0,114.8973712,4.978276,,,,,,,,,,,,,,,,,,
01:28.0,114.897371,4.97827567,,,,,,,,,,,,,,,,,,
01:29.0,114.897371,4.9782755,,,,,,,,,,,,,,,,,,
01:30.0,114.8973707,4.9782755,,,,,,,,,,,,,,,,,,
01:31.0,114.8973705,4.97827533,,,,,,,,,,,,,,,,,,
01:32.0,114.8973702,4.97827517,,,,,,,,,,,,,,,,,,
01:33.0,114.89737,4.97827533,,,,,,,,,,,,,,,,,,
01:34.0,114.89737,4.9782755,,,,,,,,,,,,,,,,,,
01:36.0,114.89737,4.97827583,,,,,,,,,,,,,,,,,,
01:38.0,114.8973697,4.978276,,,,,,,,,,,,,,,,,,
01:40.0,114.8973693,4.97827617,,,,,,,,,,,,,,,,,,
01:42.0,114.8973695,4.97827683,,,,,,,,,,,,,,,,,,
01:43.0,114.8973693,4.97827717,,,,,,,,,,,,,,,,,,
01:45.0,114.8973697,4.97827783,,,,,,,,,,,,,,,,,,
01:46.0,114.8973697,4.97827833,,,,,,,,,,,,,,,,,,
01:49.0,114.8973702,4.978279,,,,,,,,,,,,,,,,,,
01:50.0,114.8973705,4.9782795,,,,,,,,,,,,,,,,,,
01:52.0,114.8973712,4.97827983,,,,,,,,,,,,,,,,,,
01:54.0,114.8973717,4.9782805,,,,,,,,,,,,,,,,,,
01:56.0,114.8973727,4.9782815,,,,,,,,,,,,,,,,,,
01:57.0,114.8973733,4.978282,,,,,,,,,,,,,,,,,,
01:58.0,114.8973732,4.978282,,,,,,,,,,,,,,,,,,
01:59.0,114.897373,4.978282,,,,,,,,,,,,,,,,,,
02:02.0,114.8973727,4.97828217,,,,,,,,,,,,,,,,,,
02:03.0,114.897373,4.97828233,,,,,,,,,,,,,,,,,,
02:05.0,114.8973743,4.97828267,,,,,,,,,,,,,,,,,,
02:09.0,114.8973767,4.97828433,,,,,,,,,,,,,,,,,,
02:10.0,114.8973777,4.9782845,,,,,,,,,,,,,,,,,,
02:11.0,114.8973778,4.97828483,,,,,,,,,,,,,,,,,,
02:12.0,114.8973775,4.97828433,,,,,,,,,,,,,,,,,,
02:16.0,114.8973762,4.97828217,,,,,,,,,,,,,,,,,,
02:17.0,114.8973788,4.97827867,,,,,,,,,,,,,,,,,,
02:18.0,114.8973822,4.97827383,,,,,,,,,,,,,,,,,,
02:20.0,114.8973933,4.97826467,,,,,,,,,,,,,,,,,,
02:22.0,114.8974082,4.97825467,,,,,,,,,,,,,,,,,,
02:24.0,114.897423,4.97824417,,,,,,,,,,,,,,,,,,
02:27.0,114.8974455,4.978221,,,,,,,,,,,,,,,,,,
02:29.0,114.8974637,4.97820367,,,,,,,,,,,,,,,,,,
02:31.0,114.8974852,4.9781915,,,,,,,,,,,,,,,,,,
02:34.0,114.8975113,4.9781725,,,,,,,,,,,,,,,,,,
02:36.0,114.8975302,4.9781585,,,,,,,,,,,,,,,,,,
02:38.0,114.8975425,4.97813783,,,,,,,,,,,,,,,,,,
02:39.0,114.8975492,4.97813,,,,,,,,,,,,,,,,,,
02:41.0,114.8975638,4.9781155,,,,,,,,,,,,,,,,,,
02:43.0,114.8975812,4.97810233,,,,,,,,,,,,,,,,,,
02:44.0,114.8975895,4.97809833,,,,,,,,,,,,,,,,,,
02:47.0,114.8976047,4.97810283,,,,,,,,,,,,,,,,,,
02:48.0,114.8976098,4.97810683,,,,,,,,,,,,,,,,,,
02:49.0,114.8976153,4.978112,,,,,,,,,,,,,,,,,,
02:50.0,114.897616,4.97811217,,,,,,,,,,,,,,,,,,
02:51.0,114.8976178,4.97812467,,,,,,,,,,,,,,,,,,
02:54.0,114.8976218,4.97812967,,,,,,,,,,,,,,,,,,
02:56.0,114.8976245,4.97813133,,,,,,,,,,,,,,,,,,
02:57.0,114.8976255,4.9781315,,,,,,,,,,,,,,,,,,
03:01.0,114.8976345,4.97813233,,,,,,,,,,,,,,,,,,
03:03.0,114.8976372,4.97813267,,,,,,,,,,,,,,,,,,
03:05.0,114.8976393,4.9781335,,,,,,,,,,,,,,,,,,
03:08.0,114.8976442,4.97813433,,,,,,,,,,,,,,,,,,
03:10.0,114.897647,4.97813567,,,,,,,,,,,,,,,,,,
03:12.0,114.897648,4.97813617,,,,,,,,,,,,,,,,,,
03:14.0,114.8976498,4.97813667,,,,,,,,,,,,,,,,,,
03:15.0,114.8976505,4.978137,,,,,,,,,,,,,,,,,,
03:16.0,114.8976515,4.978138,,,,,,,,,,,,,,,,,,
03:18.0,114.8976528,4.97813833,,,,,,,,,,,,,,,,,,
03:20.0,114.8976547,4.978139,,,,,,,,,,,,,,,,,,
03:21.0,114.8976553,4.97813917,,,,,,,,,,,,,,,,,,
03:24.0,114.8976583,4.97813833,,,,,,,,,,,,,,,,,,
03:26.0,114.8976607,4.97813767,,,,,,,,,,,,,,,,,,
03:31.0,114.8976655,4.978136,,,,,,,,,,,,,,,,,,
03:32.0,114.897666,4.9781355,,,,,,,,,,,,,,,,,,
03:33.0,114.8976667,4.97813533,,,,,,,,,,,,,,,,,,
03:36.0,114.8976687,4.97813517,,,,,,,,,,,,,,,,,,
03:38.0,114.8976692,4.97813583,,,,,,,,,,,,,,,,,,
03:40.0,114.89767,4.97813633,,,,,,,,,,,,,,,,,,
03:42.0,114.8976702,4.9781365,,,,,,,,,,,,,,,,,,
03:44.0,114.8976708,4.97813667,,,,,,,,,,,,,,,,,,
03:46.0,114.8976718,4.9781365,,,,,,,,,,,,,,,,,,
03:48.0,114.897672,4.97813433,,,,,,,,,,,,,,,,,,
03:50.0,114.8976723,4.9781335,,,,,,,,,,,,,,,,,,
03:52.0,114.8976735,4.97813217,,,,,,,,,,,,,,,,,,
03:54.0,114.8976738,4.97812967,,,,,,,,,,,,,,,,,,
03:55.0,114.897674,4.9781285,,,,,,,,,,,,,,,,,,
03:58.0,114.8976747,4.97812483,,,,,,,,,,,,,,,,,,
03:59.0,114.8976747,4.9781235,,,,,,,,,,,,,,,,,,
04:02.0,114.897675,4.97812283,,,,,,,,,,,,,,,,,,
04:04.0,114.8976753,4.97812333,,,,,,,,,,,,,,,,,,
04:05.0,114.8976753,4.9781235,,,,,,,,,,,,,,,,,,
04:06.0,114.8976753,4.97812367,,,,,,,,,,,,,,,,,,
04:08.0,114.8976755,4.97812417,,,,,,,,,,,,,,,,,,
04:09.0,114.8976755,4.9781245,,,,,,,,,,,,,,,,,,
04:10.0,114.8976757,4.978125,,,,,,,,,,,,,,,,,,
04:11.0,114.8976758,4.97812517,,,,,,,,,,,,,,,,,,
04:12.0,114.8976758,4.97812567,,,,,,,,,,,,,,,,,,
04:14.0,114.8976762,4.97812633,,,,,,,,,,,,,,,,,,
04:15.0,114.8976762,4.9781265,,,,,,,,,,,,,,,,,,
04:20.0,114.8976773,4.97812767,,,,,,,,,,,,,,,,,,
04:26.0,114.8976795,4.97812767,,,,,,,,,,,,,,,,,,
04:27.0,114.8976798,4.9781275,,,,,,,,,,,,,,,,,,
04:29.0,114.8976805,4.97812733,,,,,,,,,,,,,,,,,,
04:30.0,114.8976808,4.97812717,,,,,,,,,,,,,,,,,,
04:32.0,114.8976815,4.9781275,,,,,,,,,,,,,,,,,,
04:34.0,114.8976818,4.97812833,,,,,,,,,,,,,,,,,,
04:36.0,114.8976818,4.97812917,,,,,,,,,,,,,,,,,,
04:38.0,114.8976817,4.9781305,,,,,,,,,,,,,,,,,,
04:40.0,114.8976817,4.97813217,,,,,,,,,,,,,,,,,,
04:48.0,114.8976812,4.97813583,,,,,,,,,,,,,,,,,,
04:51.0,114.8976825,4.97813767,,,,,,,,,,,,,,,,,,
04:54.0,114.897684,4.97813967,,,,,,,,,,,,,,,,,,
04:56.0,114.8976848,4.97814083,,,,,,,,,,,,,,,,,,
04:58.0,114.8976857,4.97814183,,,,,,,,,,,,,,,,,,
05:00.0,114.8976863,4.97814283,,,,,,,,,,,,,,,,,,
05:10.0,114.897689,4.97814733,,,,,,,,,,,,,,,,,,
05:12.0,114.8976897,4.978148,,,,,,,,,,,,,,,,,,
05:14.0,114.8976903,4.9781485,,,,,,,,,,,,,,,,,,
05:18.0,114.8976915,4.97814917,,,,,,,,,,,,,,,,,,
05:19.0,114.8976918,4.97814933,,,,,,,,,,,,,,,,,,
05:20.0,114.897692,4.9781495,,,,,,,,,,,,,,,,,,
05:26.0,114.8976935,4.97815133,,,,,,,,,,,,,,,,,,
05:27.0,114.8976938,4.97815167,,,,,,,,,,,,,,,,,,
05:28.0,114.897694,4.97815217,,,,,,,,,,,,,,,,,,
05:30.0,114.8976945,4.978153,,,,,,,,,,,,,,,,,,
05:32.0,114.897695,4.97815383,,,,,,,,,,,,,,,,,,
05:34.0,114.8976952,4.97815467,,,,,,,,,,,,,,,,,,
05:36.0,114.8976955,4.97815533,,,,,,,,,,,,,,,,,,
05:38.0,114.8976958,4.97815583,,,,,,,,,,,,,,,,,,
05:41.0,114.8976965,4.9781565,,,,,,,,,,,,,,,,,,
05:45.0,114.8976977,4.97815733,,,,,,,,,,,,,,,,,,
05:48.0,114.8976985,4.9781585,,,,,,,,,,,,,,,,,,
05:50.0,114.8976988,4.97815917,,,,,,,,,,,,,,,,,,
05:52.0,114.8976992,4.97816,,,,,,,,,,,,,,,,,,
05:54.0,114.8976995,4.97816067,,,,,,,,,,,,,,,,,,
05:55.0,114.8976997,4.978161,,,,,,,,,,,,,,,,,,
05:57.0,114.8976998,4.97816167,,,,,,,,,,,,,,,,,,
05:58.0,114.8977002,4.978162,,,,,,,,,,,,,,,,,,
06:00.0,114.8977005,4.97816267,,,,,,,,,,,,,,,,,,
06:01.0,114.8977007,4.97816317,,,,,,,,,,,,,,,,,,
06:03.0,114.897701,4.97816383,,,,,,,,,,,,,,,,,,
06:04.0,114.8977012,4.97816417,,,,,,,,,,,,,,,,,,
06:05.0,114.8977012,4.97816467,,,,,,,,,,,,,,,,,,
06:06.0,114.8977003,4.97816233,,,,,,,,,,,,,,,,,,
06:07.0,114.8976995,4.97815917,,,,,,,,,,,,,,,,,,
06:08.0,114.8977008,4.97815567,,,,,,,,,,,,,,,,,,
06:10.0,114.8977085,4.978153,,,,,,,,,,,,,,,,,,
06:12.0,114.897716,4.978149,,,,,,,,,,,,,,,,,,
06:15.0,114.8977367,4.97814983,,,,,,,,,,,,,,,,,,
06:17.0,114.8977495,4.97816183,,,,,,,,,,,,,,,,,,
06:18.0,114.8977542,4.97817033,,,,,,,,,,,,,,,,,,
06:21.0,114.8977728,4.97819483,,,,,,,,,,,,,,,,,,
06:22.0,114.8977802,4.97820283,,,,,,,,,,,,,,,,,,
06:23.0,114.8977882,4.97821083,,,,,,,,,,,,,,,,,,
06:24.0,114.8977955,4.97821917,,,,,,,,,,,,,,,,,,
06:27.0,114.8978148,4.9782455,,,,,,,,,,,,,,,,,,
06:28.0,114.8978223,4.97825367,,,,,,,,,,,,,,,,,,
06:30.0,114.8978377,4.978269,,,,,,,,,,,,,,,,,,
06:31.0,114.8978447,4.97827383,,,,,,,,,,,,,,,,,,
06:36.0,114.897884,4.97829467,,,,,,,,,,,,,,,,,,
06:37.0,114.8978923,4.97830183,,,,,,,,,,,,,,,,,,
06:38.0,114.8979005,4.9783085,,,,,,,,,,,,,,,,,,
06:40.0,114.8979175,4.9783205,,,,,,,,,,,,,,,,,,
06:42.0,114.8979307,4.97833833,,,,,,,,,,,,,,,,,,
06:44.0,114.8979423,4.97835667,,,,,,,,,,,,,,,,,,
06:49.0,114.8979565,4.97838333,,,,,,,,,,,,,,,,,,
06:50.0,114.8979562,4.97838317,,,,,,,,,,,,,,,,,,
06:51.0,114.897956,4.9783835,,,,,,,,,,,,,,,,,,
06:53.0,114.8979563,4.97838383,,,,,,,,,,,,,,,,,,
06:54.0,114.8979563,4.978384,,,,,,,,,,,,,,,,,,
06:55.0,114.8979563,4.97838433,,,,,,,,,,,,,,,,,,
06:56.0,114.8979563,4.97838433,,,,,,,,,,,,,,,,,,
06:58.0,114.8979565,4.97838483,,,,,,,,,,,,,,,,,,
06:59.0,114.8979567,4.978385,,,,,,,,,,,,,,,,,,
07:02.0,114.8979568,4.97838533,,,,,,,,,,,,,,,,,,
07:04.0,114.897957,4.9783855,,,,,,,,,,,,,,,,,,
07:07.0,114.8979572,4.978386,,,,,,,,,,,,,,,,,,
07:09.0,114.8979573,4.978386,,,,,,,,,,,,,,,,,,
07:10.0,114.8979573,4.97838617,,,,,,,,,,,,,,,,,,
07:11.0,114.8979573,4.97838617,,,,,,,,,,,,,,,,,,
07:14.0,114.8979575,4.9783865,,,,,,,,,,,,,,,,,,
07:16.0,114.8979577,4.9783865,,,,,,,,,,,,,,,,,,
07:17.0,114.8979577,4.97838667,,,,,,,,,,,,,,,,,,
07:21.0,114.897958,4.978387,,,,,,,,,,,,,,,,,,
07:22.0,114.8979582,4.978387,,,,,,,,,,,,,,,,,,
07:24.0,114.8979582,4.97838717,,,,,,,,,,,,,,,,,,
07:25.0,114.8979583,4.97838733,,,,,,,,,,,,,,,,,,
07:30.0,114.8979582,4.97838767,,,,,,,,,,,,,,,,,,
07:31.0,114.8979582,4.97838767,,,,,,,,,,,,,,,,,,
07:37.0,114.8979585,4.97838817,,,,,,,,,,,,,,,,,,
07:39.0,114.8979585,4.97838833,,,,,,,,,,,,,,,,,,
07:42.0,114.8979582,4.97838833,,,,,,,,,,,,,,,,,,
07:44.0,114.8979583,4.97838833,,,,,,,,,,,,,,,,,,
07:46.0,114.8979582,4.9783885,,,,,,,,,,,,,,,,,,
07:49.0,114.8979583,4.97838867,,,,,,,,,,,,,,,,,,
07:51.0,114.8979583,4.97838867,,,,,,,,,,,,,,,,,,
07:52.0,114.8979583,4.97838883,,,,,,,,,,,,,,,,,,
07:53.0,114.8979583,4.97838883,,,,,,,,,,,,,,,,,,
07:54.0,114.8979583,4.978389,,,,,,,,,,,,,,,,,,
07:55.0,114.8979585,4.978389,,,,,,,,,,,,,,,,,,
07:56.0,114.8979585,4.978389,,,,,,,,,,,,,,,,,,
07:58.0,114.8979585,4.97838917,,,,,,,,,,,,,,,,,,
08:00.0,114.8979587,4.9783895,,,,,,,,,,,,,,,,,,
08:01.0,114.8979588,4.9783895,,,,,,,,,,,,,,,,,,
08:02.0,114.8979588,4.9783895,,,,,,,,,,,,,,,,,,
08:04.0,114.8979588,4.97838967,,,,,,,,,,,,,,,,,,
08:06.0,114.897959,4.97838983,,,,,,,,,,,,,,,,,,
08:08.0,114.897959,4.97838983,,,,,,,,,,,,,,,,,,
08:09.0,114.8979592,4.97839,,,,,,,,,,,,,,,,,,
08:11.0,114.8979592,4.97839017,,,,,,,,,,,,,,,,,,
08:12.0,114.8979592,4.97839017,,,,,,,,,,,,,,,,,,
08:13.0,114.8979593,4.97839017,,,,,,,,,,,,,,,,,,
08:14.0,114.8979593,4.97839033,,,,,,,,,,,,,,,,,,
08:15.0,114.8979593,4.97839033,,,,,,,,,,,,,,,,,,
08:17.0,114.8979595,4.9783905,,,,,,,,,,,,,,,,,,
08:18.0,114.8979595,4.9783905,,,,,,,,,,,,,,,,,,
08:20.0,114.8979595,4.9783905,,,,,,,,,,,,,,,,,,
08:21.0,114.8979595,4.9783905,,,,,,,,,,,,,,,,,,
08:23.0,114.8979597,4.9783905,,,,,,,,,,,,,,,,,,
08:25.0,114.8979597,4.9783905,,,,,,,,,,,,,,,,,,
08:26.0,114.8979597,4.9783905,,,,,,,,,,,,,,,,,,
08:27.0,114.8979598,4.9783905,,,,,,,,,,,,,,,,,,
08:29.0,114.8979598,4.9783905,,,,,,,,,,,,,,,,,,
08:31.0,114.8979598,4.9783905,,,,,,,,,,,,,,,,,,
08:32.0,114.8979598,4.9783905,,,,,,,,,,,,,,,,,,
08:33.0,114.8979598,4.9783905,,,,,,,,,,,,,,,,,,
08:34.0,114.89796,4.9783905,,,,,,,,,,,,,,,,,,
08:35.0,114.89796,4.9783905,,,,,,,,,,,,,,,,,,
08:36.0,114.89796,4.9783905,,,,,,,,,,,,,,,,,,
08:38.0,114.89796,4.9783905,,,,,,,,,,,,,,,,,,
08:39.0,114.8979602,4.9783905,,,,,,,,,,,,,,,,,,
08:40.0,114.8979602,4.9783905,,,,,,,,,,,,,,,,,,
08:44.0,114.8979603,4.9783905,,,,,,,,,,,,,,,,,,
08:45.0,114.8979603,4.9783905,,,,,,,,,,,,,,,,,,
08:46.0,114.8979603,4.97839067,,,,,,,,,,,,,,,,,,
08:51.0,114.8979605,4.97839067,,,,,,,,,,,,,,,,,,
08:52.0,114.8979605,4.97839067,,,,,,,,,,,,,,,,,,
08:53.0,114.8979605,4.97839067,,,,,,,,,,,,,,,,,,
08:54.0,114.8979605,4.97839067,,,,,,,,,,,,,,,,,,
08:55.0,114.8979607,4.97839067,,,,,,,,,,,,,,,,,,
08:56.0,114.8979607,4.97839067,,,,,,,,,,,,,,,,,,
08:58.0,114.8979607,4.97839067,,,,,,,,,,,,,,,,,,
09:00.0,114.8979608,4.97839083,,,,,,,,,,,,,,,,,,
09:03.0,114.8979608,4.97839083,,,,,,,,,,,,,,,,,,
09:07.0,114.8979608,4.97839083,,,,,,,,,,,,,,,,,,
09:08.0,114.8979608,4.97839083,,,,,,,,,,,,,,,,,,
09:10.0,114.8979608,4.97839083,,,,,,,,,,,,,,,,,,
09:11.0,114.8979608,4.97839083,,,,,,,,,,,,,,,,,,
09:12.0,114.8979608,4.97839083,,,,,,,,,,,,,,,,,,
09:13.0,114.8979608,4.97839083,,,,,,,,,,,,,,,,,,
09:18.0,114.8979608,4.97839083,,,,,,,,,,,,,,,,,,
09:19.0,114.897961,4.97839083,,,,,,,,,,,,,,,,,,
09:20.0,114.8979608,4.97839083,,,,,,,,,,,,,,,,,,
09:22.0,114.8979608,4.97839067,,,,,,,,,,,,,,,,,,
09:24.0,114.897961,4.97839067,,,,,,,,,,,,,,,,,,
09:27.0,114.897961,4.97839067,,,,,,,,,,,,,,,,,,
09:28.0,114.897961,4.97839067,,,,,,,,,,,,,,,,,,
09:29.0,114.897961,4.97839083,,,,,,,,,,,,,,,,,,
09:31.0,114.8979612,4.97839083,,,,,,,,,,,,,,,,,,
09:33.0,114.8979612,4.97839083,,,,,,,,,,,,,,,,,,
09:37.0,114.8979612,4.978391,,,,,,,,,,,,,,,,,,
09:42.0,114.8979612,4.97839117,,,,,,,,,,,,,,,,,,
09:43.0,114.8979612,4.97839117,,,,,,,,,,,,,,,,,,
09:44.0,114.8979612,4.97839117,,,,,,,,,,,,,,,,,,
09:45.0,114.8979612,4.97839133,,,,,,,,,,,,,,,,,,
09:48.0,114.8979612,4.97839133,,,,,,,,,,,,,,,,,,
09:50.0,114.8979612,4.97839133,,,,,,,,,,,,,,,,,,
09:52.0,114.897961,4.97839133,,,,,,,,,,,,,,,,,,
09:54.0,114.897961,4.97839133,,,,,,,,,,,,,,,,,,
09:56.0,114.897961,4.97839133,,,,,,,,,,,,,,,,,,
09:58.0,114.897961,4.97839133,,,,,,,,,,,,,,,,,,
10:00.0,114.897961,4.97839133,,,,,,,,,,,,,,,,,,
10:02.0,114.897961,4.97839133,,,,,,,,,,,,,,,,,,
10:03.0,114.897961,4.97839133,,,,,,,,,,,,,,,,,,
10:04.0,114.897961,4.97839133,,,,,,,,,,,,,,,,,,
10:05.0,114.897961,4.97839133,,,,,,,,,,,,,,,,,,
10:07.0,114.8979612,4.97839067,,,,,,,,,,,,,,,,,,
10:08.0,114.897964,4.9783905,,,,,,,,,,,,,,,,,,
10:10.0,114.897975,4.97839583,,,,,,,,,,,,,,,,,,
10:12.0,114.8979932,4.97840133,,,,,,,,,,,,,,,,,,
10:14.0,114.8980107,4.9784115,,,,,,,,,,,,,,,,,,
10:15.0,114.898019,4.97841617,,,,,,,,,,,,,,,,,,
10:17.0,114.8980378,4.978424,,,,,,,,,,,,,,,,,,
10:19.0,114.8980568,4.97843233,,,,,,,,,,,,,,,,,,
10:20.0,114.8980657,4.978436,,,,,,,,,,,,,,,,,,
10:22.0,114.8980782,4.97844483,,,,,,,,,,,,,,,,,,
10:23.0,114.898082,4.9784485,,,,,,,,,,,,,,,,,,
10:26.0,114.8980985,4.97846417,,,,,,,,,,,,,,,,,,
10:28.0,114.8980973,4.97846317,,,,,,,,,,,,,,,,,,
10:30.0,114.8980972,4.97846333,,,,,,,,,,,,,,,,,,
10:32.0,114.8980973,4.97846317,,,,,,,,,,,,,,,,,,
10:33.0,114.8980972,4.97846317,,,,,,,,,,,,,,,,,,
10:35.0,114.8980968,4.97846283,,,,,,,,,,,,,,,,,,
10:37.0,114.898097,4.97846283,,,,,,,,,,,,,,,,,,
10:38.0,114.898097,4.97846267,,,,,,,,,,,,,,,,,,
10:39.0,114.898097,4.97846267,,,,,,,,,,,,,,,,,,
10:40.0,114.898097,4.97846267,,,,,,,,,,,,,,,,,,
10:41.0,114.898097,4.97846267,,,,,,,,,,,,,,,,,,
10:43.0,114.8980968,4.9784625,,,,,,,,,,,,,,,,,,
10:44.0,114.8980968,4.97846267,,,,,,,,,,,,,,,,,,
10:47.0,114.8980967,4.9784625,,,,,,,,,,,,,,,,,,
10:49.0,114.8980967,4.9784625,,,,,,,,,,,,,,,,,,
10:50.0,114.8980967,4.9784625,,,,,,,,,,,,,,,,,,
10:52.0,114.8980967,4.97846233,,,,,,,,,,,,,,,,,,
10:54.0,114.8980965,4.97846217,,,,,,,,,,,,,,,,,,
10:56.0,114.8980965,4.97846217,,,,,,,,,,,,,,,,,,
10:57.0,114.8980965,4.97846217,,,,,,,,,,,,,,,,,,
11:00.0,114.8980967,4.97846183,,,,,,,,,,,,,,,,,,
11:01.0,114.8980967,4.97846167,,,,,,,,,,,,,,,,,,
11:02.0,114.8980965,4.97846167,,,,,,,,,,,,,,,,,,
11:06.0,114.8980967,4.97846183,,,,,,,,,,,,,,,,,,
11:07.0,114.8980965,4.97846183,,,,,,,,,,,,,,,,,,
11:09.0,114.8980965,4.97846167,,,,,,,,,,,,,,,,,,
11:11.0,114.8980965,4.97846167,,,,,,,,,,,,,,,,,,
11:14.0,114.8980963,4.9784615,,,,,,,,,,,,,,,,,,
11:16.0,114.8980963,4.9784615,,,,,,,,,,,,,,,,,,
11:18.0,114.8980963,4.9784615,,,,,,,,,,,,,,,,,,
11:20.0,114.8980963,4.9784615,,,,,,,,,,,,,,,,,,
11:21.0,114.8980963,4.9784615,,,,,,,,,,,,,,,,,,
11:23.0,114.8980963,4.9784615,,,,,,,,,,,,,,,,,,
11:25.0,114.8980965,4.9784615,,,,,,,,,,,,,,,,,,
11:26.0,114.8980965,4.9784615,,,,,,,,,,,,,,,,,,
11:28.0,114.8980965,4.9784615,,,,,,,,,,,,,,,,,,
11:29.0,114.8980965,4.9784615,,,,,,,,,,,,,,,,,,
11:30.0,114.8980965,4.9784615,,,,,,,,,,,,,,,,,,
11:31.0,114.8980965,4.9784615,,,,,,,,,,,,,,,,,,
11:32.0,114.8980965,4.9784615,,,,,,,,,,,,,,,,,,
11:33.0,114.8980965,4.9784615,,,,,,,,,,,,,,,,,,
11:36.0,114.8980967,4.97846167,,,,,,,,,,,,,,,,,,
11:37.0,114.8980967,4.97846167,,,,,,,,,,,,,,,,,,
11:38.0,114.8980967,4.97846167,,,,,,,,,,,,,,,,,,
11:39.0,114.8980967,4.97846167,,,,,,,,,,,,,,,,,,
11:42.0,114.8980967,4.97846167,,,,,,,,,,,,,,,,,,
11:44.0,114.8980967,4.97846167,,,,,,,,,,,,,,,,,,
11:49.0,114.8980967,4.97846167,,,,,,,,,,,,,,,,,,
11:51.0,114.8980967,4.97846167,,,,,,,,,,,,,,,,,,
11:54.0,114.8980967,4.9784615,,,,,,,,,,,,,,,,,,
11:56.0,114.8980968,4.9784615,,,,,,,,,,,,,,,,,,
11:57.0,114.8980968,4.9784615,,,,,,,,,,,,,,,,,,
11:58.0,114.898097,4.97846133,,,,,,,,,,,,,,,,,,
12:01.0,114.898097,4.97846117,,,,,,,,,,,,,,,,,,
12:02.0,114.8980972,4.97846117,,,,,,,,,,,,,,,,,,
12:04.0,114.8980972,4.97846117,,,,,,,,,,,,,,,,,,
12:06.0,114.8980973,4.978461,,,,,,,,,,,,,,,,,,
12:07.0,114.8980973,4.978461,,,,,,,,,,,,,,,,,,
12:08.0,114.8980975,4.978461,,,,,,,,,,,,,,,,,,
12:09.0,114.8980975,4.978461,,,,,,,,,,,,,,,,,,
12:10.0,114.8980975,4.978461,,,,,,,,,,,,,,,,,,
12:11.0,114.8980975,4.978461,,,,,,,,,,,,,,,,,,
12:12.0,114.8980975,4.978461,,,,,,,,,,,,,,,,,,
12:13.0,114.8980977,4.978461,,,,,,,,,,,,,,,,,,
12:14.0,114.8980977,4.978461,,,,,,,,,,,,,,,,,,
12:15.0,114.8980975,4.978461,,,,,,,,,,,,,,,,,,
12:17.0,114.8980977,4.978461,,,,,,,,,,,,,,,,,,
12:19.0,114.8980977,4.978461,,,,,,,,,,,,,,,,,,
12:21.0,114.8980977,4.97846117,,,,,,,,,,,,,,,,,,
12:22.0,114.8980978,4.97846117,,,,,,,,,,,,,,,,,,
12:24.0,114.8980978,4.97846133,,,,,,,,,,,,,,,,,,
12:25.0,114.8980978,4.97846133,,,,,,,,,,,,,,,,,,
12:27.0,114.8980978,4.9784615,,,,,,,,,,,,,,,,,,
12:28.0,114.8980978,4.9784615,,,,,,,,,,,,,,,,,,
12:30.0,114.898098,4.9784615,,,,,,,,,,,,,,,,,,
12:32.0,114.898098,4.97846167,,,,,,,,,,,,,,,,,,
12:34.0,114.8980982,4.97846167,,,,,,,,,,,,,,,,,,
12:36.0,114.8980982,4.97846183,,,,,,,,,,,,,,,,,,
12:37.0,114.8980982,4.97846183,,,,,,,,,,,,,,,,,,
12:38.0,114.8980983,4.97846183,,,,,,,,,,,,,,,,,,
12:39.0,114.8980983,4.97846183,,,,,,,,,,,,,,,,,,
12:40.0,114.8980983,4.978462,,,,,,,,,,,,,,,,,,
12:42.0,114.8980985,4.978462,,,,,,,,,,,,,,,,,,
12:43.0,114.8980985,4.978462,,,,,,,,,,,,,,,,,,
12:44.0,114.8980985,4.978462,,,,,,,,,,,,,,,,,,
12:46.0,114.8980985,4.978462,,,,,,,,,,,,,,,,,,
12:48.0,114.8980985,4.978462,,,,,,,,,,,,,,,,,,
12:50.0,114.8980985,4.978462,,,,,,,,,,,,,,,,,,
12:51.0,114.8980987,4.978462,,,,,,,,,,,,,,,,,,
12:52.0,114.8980987,4.978462,,,,,,,,,,,,,,,,,,
12:53.0,114.8980987,4.97846183,,,,,,,,,,,,,,,,,,
12:55.0,114.8980985,4.97846183,,,,,,,,,,,,,,,,,,
12:56.0,114.8980985,4.978462,,,,,,,,,,,,,,,,,,
12:57.0,114.8980985,4.978462,,,,,,,,,,,,,,,,,,
12:59.0,114.8980985,4.978462,,,,,,,,,,,,,,,,,,
13:01.0,114.8980985,4.97846183,,,,,,,,,,,,,,,,,,
13:02.0,114.8980985,4.97846183,,,,,,,,,,,,,,,,,,
13:03.0,114.8980985,4.978462,,,,,,,,,,,,,,,,,,
13:04.0,114.8980985,4.978462,,,,,,,,,,,,,,,,,,
13:06.0,114.8980985,4.97846183,,,,,,,,,,,,,,,,,,
13:08.0,114.8980985,4.978462,,,,,,,,,,,,,,,,,,
13:09.0,114.8980985,4.978462,,,,,,,,,,,,,,,,,,
13:10.0,114.8980985,4.978462,,,,,,,,,,,,,,,,,,
13:11.0,114.8980985,4.978462,,,,,,,,,,,,,,,,,,
13:13.0,114.8980985,4.978462,,,,,,,,,,,,,,,,,,
13:14.0,114.8980985,4.978462,,,,,,,,,,,,,,,,,,
13:15.0,114.8980985,4.978462,,,,,,,,,,,,,,,,,,
13:16.0,114.8980985,4.978462,,,,,,,,,,,,,,,,,,
13:17.0,114.8980985,4.978462,,,,,,,,,,,,,,,,,,
13:19.0,114.8980985,4.97846217,,,,,,,,,,,,,,,,,,
13:21.0,114.8980985,4.97846217,,,,,,,,,,,,,,,,,,
13:23.0,114.8980985,4.978462,,,,,,,,,,,,,,,,,,
13:24.0,114.8980985,4.97846217,,,,,,,,,,,,,,,,,,
13:25.0,114.8980985,4.978462,,,,,,,,,,,,,,,,,,
13:26.0,114.8980985,4.978462,,,,,,,,,,,,,,,,,,
13:27.0,114.8980985,4.978462,,,,,,,,,,,,,,,,,,
13:29.0,114.8980985,4.978462,,,,,,,,,,,,,,,,,,
13:30.0,114.8980985,4.97846217,,,,,,,,,,,,,,,,,,
13:32.0,114.8980985,4.97846217,,,,,,,,,,,,,,,,,,
13:33.0,114.8980985,4.97846217,,,,,,,,,,,,,,,,,,
13:36.0,114.8980985,4.97846217,,,,,,,,,,,,,,,,,,
13:39.0,114.8980985,4.97846217,,,,,,,,,,,,,,,,,,
13:42.0,114.898098,4.97846217,,,,,,,,,,,,,,,,,,
13:43.0,114.8980997,4.97846183,,,,,,,,,,,,,,,,,,
13:44.0,114.8981005,4.97846133,,,,,,,,,,,,,,,,,,
13:46.0,114.8981002,4.97845733,,,,,,,,,,,,,,,,,,
13:48.0,114.8981052,4.9784485,,,,,,,,,,,,,,,,,,
13:49.0,114.8981092,4.97844317,,,,,,,,,,,,,,,,,,
13:51.0,114.8981185,4.9784295,,,,,,,,,,,,,,,,,,
13:52.0,114.8981225,4.9784225,,,,,,,,,,,,,,,,,,
13:54.0,114.8981277,4.97840317,,,,,,,,,,,,,,,,,,
13:55.0,114.8981293,4.978393,,,,,,,,,,,,,,,,,,
13:57.0,114.898135,4.97837333,,,,,,,,,,,,,,,,,,
13:59.0,114.8981415,4.97835433,,,,,,,,,,,,,,,,,,
14:01.0,114.8981455,4.97833317,,,,,,,,,,,,,,,,,,
14:03.0,114.8981528,4.9783135,,,,,,,,,,,,,,,,,,
14:04.0,114.898156,4.9783045,,,,,,,,,,,,,,,,,,
14:06.0,114.8981602,4.97828383,,,,,,,,,,,,,,,,,,
14:07.0,114.8981628,4.97827383,,,,,,,,,,,,,,,,,,
14:08.0,114.8981668,4.978264,,,,,,,,,,,,,,,,,,
14:10.0,114.8981753,4.978245,,,,,,,,,,,,,,,,,,
14:11.0,114.89818,4.97823517,,,,,,,,,,,,,,,,,,
14:13.0,114.8981927,4.97821867,,,,,,,,,,,,,,,,,,
14:15.0,114.8982103,4.978207,,,,,,,,,,,,,,,,,,
14:17.0,114.8982298,4.97819583,,,,,,,,,,,,,,,,,,
14:18.0,114.8982395,4.97818983,,,,,,,,,,,,,,,,,,
14:20.0,114.8982505,4.97817583,,,,,,,,,,,,,,,,,,
14:22.0,114.8982538,4.97815867,,,,,,,,,,,,,,,,,,
14:24.0,114.898253,4.97813833,,,,,,,,,,,,,,,,,,
14:27.0,114.898255,4.97810717,,,,,,,,,,,,,,,,,,
14:28.0,114.8982553,4.97809717,,,,,,,,,,,,,,,,,,
14:30.0,114.8982532,4.97807683,,,,,,,,,,,,,,,,,,
14:31.0,114.8982543,4.97806867,,,,,,,,,,,,,,,,,,
14:32.0,114.898256,4.978062,,,,,,,,,,,,,,,,,,
14:34.0,114.8982602,4.97805317,,,,,,,,,,,,,,,,,,
14:37.0,114.8982657,4.9780545,,,,,,,,,,,,,,,,,,
14:43.0,114.8982673,4.97809467,,,,,,,,,,,,,,,,,,
14:45.0,114.8982705,4.9781115,,,,,,,,,,,,,,,,,,
14:47.0,114.8982783,4.978123,,,,,,,,,,,,,,,,,,
14:49.0,114.8982918,4.97812067,,,,,,,,,,,,,,,,,,
14:52.0,114.8983033,4.97811233,,,,,,,,,,,,,,,,,,
14:54.0,114.8983068,4.97810233,,,,,,,,,,,,,,,,,,
14:56.0,114.8983065,4.97808667,,,,,,,,,,,,,,,,,,
15:00.0,114.898297,4.97805133,,,,,,,,,,,,,,,,,,
15:04.0,114.8982943,4.97801767,,,,,,,,,,,,,,,,,,
15:07.0,114.8982907,4.97801167,,,,,,,,,,,,,,,,,,
15:09.0,114.8982905,4.97801167,,,,,,,,,,,,,,,,,,
15:11.0,114.8982902,4.9780115,,,,,,,,,,,,,,,,,,
15:14.0,114.8982903,4.97801183,,,,,,,,,,,,,,,,,,
15:15.0,114.8982902,4.97801183,,,,,,,,,,,,,,,,,,
15:16.0,114.8982902,4.97801183,,,,,,,,,,,,,,,,,,
15:18.0,114.89829,4.97801183,,,,,,,,,,,,,,,,,,
15:20.0,114.89829,4.978012,,,,,,,,,,,,,,,,,,
15:21.0,114.89829,4.978012,,,,,,,,,,,,,,,,,,
15:22.0,114.89829,4.978012,,,,,,,,,,,,,,,,,,
15:24.0,114.8982898,4.97801217,,,,,,,,,,,,,,,,,,
15:26.0,114.8982898,4.97801217,,,,,,,,,,,,,,,,,,
15:28.0,114.8982898,4.97801217,,,,,,,,,,,,,,,,,,
15:30.0,114.8982897,4.97801217,,,,,,,,,,,,,,,,,,
15:31.0,114.8982897,4.97801217,,,,,,,,,,,,,,,,,,
15:33.0,114.8982897,4.97801217,,,,,,,,,,,,,,,,,,
15:36.0,114.8982898,4.97801233,,,,,,,,,,,,,,,,,,
15:37.0,114.8982898,4.97801233,,,,,,,,,,,,,,,,,,
15:38.0,114.8982898,4.97801233,,,,,,,,,,,,,,,,,,
15:39.0,114.89829,4.97801233,,,,,,,,,,,,,,,,,,
15:41.0,114.89829,4.97801233,,,,,,,,,,,,,,,,,,
15:42.0,114.89829,4.97801233,,,,,,,,,,,,,,,,,,
15:44.0,114.8982905,4.97801233,,,,,,,,,,,,,,,,,,
15:47.0,114.898291,4.97801267,,,,,,,,,,,,,,,,,,
15:48.0,114.898291,4.97801267,,,,,,,,,,,,,,,,,,
15:50.0,114.898291,4.97801267,,,,,,,,,,,,,,,,,,
15:53.0,114.898291,4.97801267,,,,,,,,,,,,,,,,,,
15:54.0,114.898291,4.97801267,,,,,,,,,,,,,,,,,,
15:57.0,114.898291,4.97801267,,,,,,,,,,,,,,,,,,
16:02.0,114.898291,4.978013,,,,,,,,,,,,,,,,,,
16:04.0,114.8982912,4.97801317,,,,,,,,,,,,,,,,,,
16:06.0,114.8982912,4.978013,,,,,,,,,,,,,,,,,,
16:08.0,114.8982913,4.97801283,,,,,,,,,,,,,,,,,,
16:09.0,114.8982913,4.97801283,,,,,,,,,,,,,,,,,,
16:10.0,114.8982913,4.97801283,,,,,,,,,,,,,,,,,,
16:13.0,114.8982915,4.97801267,,,,,,,,,,,,,,,,,,
16:14.0,114.8982915,4.97801267,,,,,,,,,,,,,,,,,,
16:17.0,114.8982917,4.97801267,,,,,,,,,,,,,,,,,,
16:19.0,114.8982917,4.97801267,,,,,,,,,,,,,,,,,,
16:20.0,114.8982917,4.97801267,,,,,,,,,,,,,,,,,,
16:22.0,114.8982917,4.97801267,,,,,,,,,,,,,,,,,,
16:23.0,114.8982918,4.97801267,,,,,,,,,,,,,,,,,,
16:24.0,114.8982918,4.97801267,,,,,,,,,,,,,,,,,,
16:26.0,114.8982918,4.97801267,,,,,,,,,,,,,,,,,,
16:27.0,114.898292,4.97801267,,,,,,,,,,,,,,,,,,
16:28.0,114.898292,4.97801267,,,,,,,,,,,,,,,,,,
16:30.0,114.8982922,4.97801267,,,,,,,,,,,,,,,,,,
16:31.0,114.8982922,4.97801283,,,,,,,,,,,,,,,,,,
16:32.0,114.8982922,4.97801283,,,,,,,,,,,,,,,,,,
16:33.0,114.898292,4.97801283,,,,,,,,,,,,,,,,,,
16:34.0,114.898292,4.97801283,,,,,,,,,,,,,,,,,,
16:36.0,114.8982918,4.978013,,,,,,,,,,,,,,,,,,
16:38.0,114.8982917,4.978013,,,,,,,,,,,,,,,,,,
16:41.0,114.8982915,4.978013,,,,,,,,,,,,,,,,,,
16:42.0,114.8982913,4.978013,,,,,,,,,,,,,,,,,,
16:43.0,114.8982913,4.978013,,,,,,,,,,,,,,,,,,
16:44.0,114.8982913,4.978013,,,,,,,,,,,,,,,,,,
16:45.0,114.8982912,4.97801283,,,,,,,,,,,,,,,,,,
16:47.0,114.8982912,4.97801283,,,,,,,,,,,,,,,,,,
16:48.0,114.8982912,4.97801283,,,,,,,,,,,,,,,,,,
16:50.0,114.8982912,4.97801283,,,,,,,,,,,,,,,,,,
16:52.0,114.8982912,4.978013,,,,,,,,,,,,,,,,,,
16:53.0,114.8982913,4.978013,,,,,,,,,,,,,,,,,,
16:54.0,114.8982913,4.978013,,,,,,,,,,,,,,,,,,
16:55.0,114.8982913,4.978013,,,,,,,,,,,,,,,,,,
16:56.0,114.8982913,4.978013,,,,,,,,,,,,,,,,,,
16:57.0,114.8982913,4.978013,,,,,,,,,,,,,,,,,,
16:59.0,114.8982913,4.978013,,,,,,,,,,,,,,,,,,
17:01.0,114.8982913,4.978013,,,,,,,,,,,,,,,,,,
17:02.0,114.8982913,4.978013,,,,,,,,,,,,,,,,,,
17:03.0,114.8982913,4.978013,,,,,,,,,,,,,,,,,,
17:04.0,114.8982912,4.978013,,,,,,,,,,,,,,,,,,
17:05.0,114.8982913,4.97801317,,,,,,,,,,,,,,,,,,
17:07.0,114.8982913,4.97801317,,,,,,,,,,,,,,,,,,
17:08.0,114.8982913,4.97801333,,,,,,,,,,,,,,,,,,
17:09.0,114.8982913,4.97801333,,,,,,,,,,,,,,,,,,
17:10.0,114.8982913,4.97801333,,,,,,,,,,,,,,,,,,
17:13.0,114.8982913,4.9780135,,,,,,,,,,,,,,,,,,
17:15.0,114.8982915,4.9780135,,,,,,,,,,,,,,,,,,
17:17.0,114.8982915,4.97801367,,,,,,,,,,,,,,,,,,
17:21.0,114.8982918,4.97801383,,,,,,,,,,,,,,,,,,
17:22.0,114.8982918,4.97801383,,,,,,,,,,,,,,,,,,
17:24.0,114.898292,4.978014,,,,,,,,,,,,,,,,,,
17:25.0,114.8982922,4.97801417,,,,,,,,,,,,,,,,,,
17:28.0,114.8982923,4.97801433,,,,,,,,,,,,,,,,,,
17:29.0,114.8982923,4.97801433,,,,,,,,,,,,,,,,,,
17:30.0,114.8982923,4.97801433,,,,,,,,,,,,,,,,,,
17:31.0,114.8982923,4.97801433,,,,,,,,,,,,,,,,,,
17:33.0,114.8982923,4.9780145,,,,,,,,,,,,,,,,,,
17:34.0,114.8982925,4.9780145,,,,,,,,,,,,,,,,,,
17:36.0,114.8982923,4.9780145,,,,,,,,,,,,,,,,,,
17:39.0,114.8982923,4.97801467,,,,,,,,,,,,,,,,,,
17:42.0,114.8982922,4.97801483,,,,,,,,,,,,,,,,,,
17:44.0,114.8982922,4.97801483,,,,,,,,,,,,,,,,,,
17:46.0,114.898292,4.97801483,,,,,,,,,,,,,,,,,,
17:48.0,114.898292,4.97801483,,,,,,,,,,,,,,,,,,
17:49.0,114.898292,4.97801483,,,,,,,,,,,,,,,,,,
17:51.0,114.898292,4.97801483,,,,,,,,,,,,,,,,,,
17:53.0,114.8982918,4.97801467,,,,,,,,,,,,,,,,,,
17:55.0,114.8982918,4.97801467,,,,,,,,,,,,,,,,,,
17:57.0,114.8982917,4.97801467,,,,,,,,,,,,,,,,,,
18:00.0,114.8982915,4.9780145,,,,,,,,,,,,,,,,,,
18:01.0,114.8982915,4.9780145,,,,,,,,,,,,,,,,,,
18:02.0,114.8982915,4.9780145,,,,,,,,,,,,,,,,,,
18:03.0,114.8982913,4.9780145,,,,,,,,,,,,,,,,,,
18:04.0,114.8982913,4.9780145,,,,,,,,,,,,,,,,,,
18:06.0,114.8982913,4.9780145,,,,,,,,,,,,,,,,,,
18:08.0,114.8982912,4.97801433,,,,,,,,,,,,,,,,,,
18:09.0,114.8982912,4.97801433,,,,,,,,,,,,,,,,,,
18:10.0,114.8982912,4.97801433,,,,,,,,,,,,,,,,,,
18:12.0,114.898291,4.97801433,,,,,,,,,,,,,,,,,,
18:14.0,114.898291,4.97801433,,,,,,,,,,,,,,,,,,
18:15.0,114.898291,4.97801417,,,,,,,,,,,,,,,,,,
18:17.0,114.898291,4.97801417,,,,,,,,,,,,,,,,,,
18:19.0,114.8982908,4.97801417,,,,,,,,,,,,,,,,,,
18:20.0,114.8982908,4.97801417,,,,,,,,,,,,,,,,,,
18:21.0,114.8982908,4.97801417,,,,,,,,,,,,,,,,,,
18:23.0,114.8982908,4.97801417,,,,,,,,,,,,,,,,,,
18:25.0,114.8982908,4.97801417,,,,,,,,,,,,,,,,,,
18:27.0,114.8982907,4.97801417,,,,,,,,,,,,,,,,,,
18:28.0,114.8982907,4.97801417,,,,,,,,,,,,,,,,,,
18:30.0,114.8982907,4.97801417,,,,,,,,,,,,,,,,,,
18:32.0,114.8982907,4.97801433,,,,,,,,,,,,,,,,,,
18:35.0,114.8982905,4.97801433,,,,,,,,,,,,,,,,,,
18:36.0,114.8982905,4.97801433,,,,,,,,,,,,,,,,,,
18:37.0,114.8982905,4.97801433,,,,,,,,,,,,,,,,,,
18:39.0,114.8982907,4.97801433,,,,,,,,,,,,,,,,,,
18:40.0,114.8982907,4.97801433,,,,,,,,,,,,,,,,,,
18:42.0,114.8982907,4.97801433,,,,,,,,,,,,,,,,,,
18:43.0,114.8982907,4.97801433,,,,,,,,,,,,,,,,,,
18:44.0,114.8982907,4.97801433,,,,,,,,,,,,,,,,,,
18:47.0,114.8982908,4.9780145,,,,,,,,,,,,,,,,,,
18:48.0,114.8982905,4.978012,,,,,,,,,,,,,,,,,,
18:50.0,114.8982878,4.97800383,,,,,,,,,,,,,,,,,,
18:54.0,114.8982795,4.9779725,,,,,,,,,,,,,,,,,,
18:56.0,114.8982763,4.97795283,,,,,,,,,,,,,,,,,,
18:57.0,114.8982737,4.97794317,,,,,,,,,,,,,,,,,,
19:00.0,114.8982667,4.97791533,,,,,,,,,,,,,,,,,,
19:01.0,114.898265,4.97790617,,,,,,,,,,,,,,,,,,
19:02.0,114.898262,4.97789683,,,,,,,,,,,,,,,,,,
19:03.0,114.8982583,4.97788683,,,,,,,,,,,,,,,,,,
19:08.0,114.8982415,4.97783633,,,,,,,,,,,,,,,,,,
19:12.0,114.8982235,4.97779533,,,,,,,,,,,,,,,,,,
19:14.0,114.8982155,4.97777533,,,,,,,,,,,,,,,,,,
19:15.0,114.8982105,4.9777655,,,,,,,,,,,,,,,,,,
19:19.0,114.8981905,4.97772633,,,,,,,,,,,,,,,,,,
19:21.0,114.8981813,4.9777075,,,,,,,,,,,,,,,,,,
19:22.0,114.8981762,4.97769817,,,,,,,,,,,,,,,,,,
19:24.0,114.8981647,4.9776795,,,,,,,,,,,,,,,,,,
19:25.0,114.8981602,4.9776695,,,,,,,,,,,,,,,,,,
19:26.0,114.8981555,4.97766017,,,,,,,,,,,,,,,,,,
19:28.0,114.8981447,4.97764167,,,,,,,,,,,,,,,,,,
19:29.0,114.898139,4.97763217,,,,,,,,,,,,,,,,,,
19:30.0,114.8981327,4.977623,,,,,,,,,,,,,,,,,,
19:31.0,114.898127,4.97761383,,,,,,,,,,,,,,,,,,
19:32.0,114.898122,4.97760417,,,,,,,,,,,,,,,,,,
19:34.0,114.8981118,4.97758467,,,,,,,,,,,,,,,,,,
19:35.0,114.8981062,4.97757533,,,,,,,,,,,,,,,,,,
19:37.0,114.8980933,4.977557,,,,,,,,,,,,,,,,,,
19:38.0,114.8980868,4.97754767,,,,,,,,,,,,,,,,,,
19:40.0,114.898074,4.97752767,,,,,,,,,,,,,,,,,,
19:41.0,114.8980692,4.97751783,,,,,,,,,,,,,,,,,,
19:43.0,114.89806,4.97750067,,,,,,,,,,,,,,,,,,
19:44.0,114.8980543,4.97749217,,,,,,,,,,,,,,,,,,
19:46.0,114.8980432,4.97747433,,,,,,,,,,,,,,,,,,
19:47.0,114.8980385,4.97746567,,,,,,,,,,,,,,,,,,
19:49.0,114.898028,4.97744933,,,,,,,,,,,,,,,,,,
19:50.0,114.8980218,4.97744083,,,,,,,,,,,,,,,,,,
19:52.0,114.8980113,4.9774225,,,,,,,,,,,,,,,,,,
19:53.0,114.8980063,4.97741333,,,,,,,,,,,,,,,,,,
19:55.0,114.8979952,4.97739533,,,,,,,,,,,,,,,,,,
19:56.0,114.8979893,4.97738633,,,,,,,,,,,,,,,,,,
19:58.0,114.8979777,4.977368,,,,,,,,,,,,,,,,,,
19:59.0,114.897972,4.9773585,,,,,,,,,,,,,,,,,,
20:00.0,114.8979667,4.9773495,,,,,,,,,,,,,,,,,,
20:01.0,114.8979613,4.97734117,,,,,,,,,,,,,,,,,,
20:02.0,114.8979545,4.9773335,,,,,,,,,,,,,,,,,,
20:03.0,114.897948,4.9773255,,,,,,,,,,,,,,,,,,
20:04.0,114.8979427,4.97731667,,,,,,,,,,,,,,,,,,
20:05.0,114.8979378,4.97730767,,,,,,,,,,,,,,,,,,
20:06.0,114.897934,4.97729967,,,,,,,,,,,,,,,,,,
20:08.0,114.897926,4.97728733,,,,,,,,,,,,,,,,,,
20:10.0,114.8979262,4.977283,,,,,,,,,,,,,,,,,,
20:11.0,114.8979258,4.9772825,,,,,,,,,,,,,,,,,,
20:12.0,114.8979257,4.97728233,,,,,,,,,,,,,,,,,,
20:14.0,114.8979255,4.97728217,,,,,,,,,,,,,,,,,,
20:16.0,114.8979255,4.977282,,,,,,,,,,,,,,,,,,
20:18.0,114.8979252,4.97728183,,,,,,,,,,,,,,,,,,
20:20.0,114.8979252,4.97728167,,,,,,,,,,,,,,,,,,
20:23.0,114.8979247,4.97728133,,,,,,,,,,,,,,,,,,
20:25.0,114.8979247,4.97728133,,,,,,,,,,,,,,,,,,
20:26.0,114.8979247,4.97728117,,,,,,,,,,,,,,,,,,
20:27.0,114.8979248,4.97728133,,,,,,,,,,,,,,,,,,
20:28.0,114.8979245,4.97728117,,,,,,,,,,,,,,,,,,
20:30.0,114.8979245,4.97728083,,,,,,,,,,,,,,,,,,
20:32.0,114.8979245,4.97728083,,,,,,,,,,,,,,,,,,
20:33.0,114.8979245,4.97728083,,,,,,,,,,,,,,,,,,
20:36.0,114.8979248,4.97728067,,,,,,,,,,,,,,,,,,
20:38.0,114.897925,4.9772805,,,,,,,,,,,,,,,,,,
20:39.0,114.897925,4.97728033,,,,,,,,,,,,,,,,,,
20:42.0,114.8979252,4.97728017,,,,,,,,,,,,,,,,,,
20:43.0,114.8979252,4.97728017,,,,,,,,,,,,,,,,,,
20:45.0,114.8979253,4.97728,,,,,,,,,,,,,,,,,,
20:46.0,114.8979253,4.97728,,,,,,,,,,,,,,,,,,
20:49.0,114.8979255,4.97728,,,,,,,,,,,,,,,,,,
20:52.0,114.8979252,4.97727983,,,,,,,,,,,,,,,,,,
20:54.0,114.897925,4.97727983,,,,,,,,,,,,,,,,,,
20:55.0,114.897925,4.97727983,,,,,,,,,,,,,,,,,,
20:56.0,114.897925,4.97727983,,,,,,,,,,,,,,,,,,
20:58.0,114.8979248,4.97727967,,,,,,,,,,,,,,,,,,
20:59.0,114.8979247,4.97727967,,,,,,,,,,,,,,,,,,
21:00.0,114.8979247,4.97727967,,,,,,,,,,,,,,,,,,
21:01.0,114.8979247,4.9772795,,,,,,,,,,,,,,,,,,
21:02.0,114.8979247,4.9772795,,,,,,,,,,,,,,,,,,
21:04.0,114.8979245,4.97727933,,,,,,,,,,,,,,,,,,
21:05.0,114.8979245,4.97727933,,,,,,,,,,,,,,,,,,
21:07.0,114.8979245,4.97727933,,,,,,,,,,,,,,,,,,
21:08.0,114.8979245,4.97727933,,,,,,,,,,,,,,,,,,
21:10.0,114.8979247,4.97727917,,,,,,,,,,,,,,,,,,
21:12.0,114.8979245,4.97727917,,,,,,,,,,,,,,,,,,
21:13.0,114.8979247,4.97727917,,,,,,,,,,,,,,,,,,
21:14.0,114.8979247,4.97727917,,,,,,,,,,,,,,,,,,
21:15.0,114.8979247,4.977279,,,,,,,,,,,,,,,,,,
21:16.0,114.8979247,4.977279,,,,,,,,,,,,,,,,,,
21:17.0,114.8979248,4.977279,,,,,,,,,,,,,,,,,,
21:18.0,114.8979248,4.977279,,,,,,,,,,,,,,,,,,
21:19.0,114.8979248,4.97727883,,,,,,,,,,,,,,,,,,
21:20.0,114.8979248,4.97727883,,,,,,,,,,,,,,,,,,
21:21.0,114.8979248,4.97727883,,,,,,,,,,,,,,,,,,
21:23.0,114.8979248,4.97727883,,,,,,,,,,,,,,,,,,
21:25.0,114.8979248,4.97727867,,,,,,,,,,,,,,,,,,
21:27.0,114.897925,4.97727867,,,,,,,,,,,,,,,,,,
21:28.0,114.897925,4.9772785,,,,,,,,,,,,,,,,,,
21:29.0,114.8979248,4.9772785,,,,,,,,,,,,,,,,,,
21:30.0,114.8979248,4.9772785,,,,,,,,,,,,,,,,,,
21:32.0,114.8979248,4.9772785,,,,,,,,,,,,,,,,,,
21:34.0,114.8979248,4.9772785,,,,,,,,,,,,,,,,,,
21:36.0,114.8979248,4.97727833,,,,,,,,,,,,,,,,,,
21:37.0,114.8979248,4.97727833,,,,,,,,,,,,,,,,,,
21:39.0,114.8979248,4.97727833,,,,,,,,,,,,,,,,,,
21:40.0,114.897925,4.97727833,,,,,,,,,,,,,,,,,,
21:43.0,114.897925,4.97727833,,,,,,,,,,,,,,,,,,
21:44.0,114.897925,4.97727833,,,,,,,,,,,,,,,,,,
21:46.0,114.897925,4.97727817,,,,,,,,,,,,,,,,,,
21:48.0,114.897925,4.97727817,,,,,,,,,,,,,,,,,,
21:49.0,114.897925,4.97727817,,,,,,,,,,,,,,,,,,
21:50.0,114.897925,4.97727817,,,,,,,,,,,,,,,,,,
21:51.0,114.8979248,4.97727817,,,,,,,,,,,,,,,,,,
21:52.0,114.8979248,4.97727817,,,,,,,,,,,,,,,,,,
21:53.0,114.8979248,4.97727817,,,,,,,,,,,,,,,,,,
21:54.0,114.8979248,4.97727817,,,,,,,,,,,,,,,,,,
21:55.0,114.8979248,4.97727817,,,,,,,,,,,,,,,,,,
21:56.0,114.8979248,4.97727817,,,,,,,,,,,,,,,,,,
21:57.0,114.897925,4.97727817,,,,,,,,,,,,,,,,,,
21:58.0,114.897925,4.97727817,,,,,,,,,,,,,,,,,,
22:00.0,114.897925,4.97727817,,,,,,,,,,,,,,,,,,
22:02.0,114.8979252,4.97727817,,,,,,,,,,,,,,,,,,
22:05.0,114.897925,4.97727817,,,,,,,,,,,,,,,,,,
22:06.0,114.897925,4.97727817,,,,,,,,,,,,,,,,,,
22:08.0,114.897925,4.97727817,,,,,,,,,,,,,,,,,,
22:12.0,114.8979252,4.977278,,,,,,,,,,,,,,,,,,
22:15.0,114.8979252,4.977278,,,,,,,,,,,,,,,,,,
22:18.0,114.8979253,4.977278,,,,,,,,,,,,,,,,,,
22:19.0,114.8979253,4.977278,,,,,,,,,,,,,,,,,,
22:20.0,114.8979253,4.977278,,,,,,,,,,,,,,,,,,
22:22.0,114.8979253,4.977278,,,,,,,,,,,,,,,,,,
22:24.0,114.8979255,4.977278,,,,,,,,,,,,,,,,,,
22:26.0,114.8979255,4.97727783,,,,,,,,,,,,,,,,,,
22:28.0,114.8979257,4.97727767,,,,,,,,,,,,,,,,,,
22:30.0,114.8979258,4.97727767,,,,,,,,,,,,,,,,,,
22:32.0,114.8979257,4.9772775,,,,,,,,,,,,,,,,,,
22:33.0,114.8979257,4.9772775,,,,,,,,,,,,,,,,,,
22:34.0,114.8979257,4.9772775,,,,,,,,,,,,,,,,,,
22:36.0,114.8979235,4.9772775,,,,,,,,,,,,,,,,,,
22:38.0,114.8979178,4.97727133,,,,,,,,,,,,,,,,,,
22:39.0,114.8979148,4.9772635,,,,,,,,,,,,,,,,,,
22:41.0,114.8979033,4.9772475,,,,,,,,,,,,,,,,,,
22:43.0,114.8978912,4.97723333,,,,,,,,,,,,,,,,,,
22:45.0,114.8978815,4.97722533,,,,,,,,,,,,,,,,,,
22:46.0,114.8978763,4.97722333,,,,,,,,,,,,,,,,,,
22:48.0,114.8978653,4.9772225,,,,,,,,,,,,,,,,,,
22:50.0,114.897853,4.97722583,,,,,,,,,,,,,,,,,,
22:51.0,114.8978472,4.97722583,,,,,,,,,,,,,,,,,,
22:54.0,114.8978207,4.977217,,,,,,,,,,,,,,,,,,
22:55.0,114.8978113,4.97721383,,,,,,,,,,,,,,,,,,
22:57.0,114.8977908,4.97720833,,,,,,,,,,,,,,,,,,
23:02.0,114.8977467,4.97718867,,,,,,,,,,,,,,,,,,
23:07.0,114.8977232,4.97718467,,,,,,,,,,,,,,,,,,
23:09.0,114.8977177,4.97718633,,,,,,,,,,,,,,,,,,
23:16.0,114.8977173,4.97718617,,,,,,,,,,,,,,,,,,
23:20.0,114.8977158,4.97718567,,,,,,,,,,,,,,,,,,
23:21.0,114.8977158,4.97718567,,,,,,,,,,,,,,,,,,
23:22.0,114.8977157,4.97718533,,,,,,,,,,,,,,,,,,
23:24.0,114.8977152,4.977185,,,,,,,,,,,,,,,,,,
23:25.0,114.8977132,4.97718617,,,,,,,,,,,,,,,,,,
23:26.0,114.8977083,4.97718867,,,,,,,,,,,,,,,,,,
23:27.0,114.897704,4.9771885,,,,,,,,,,,,,,,,,,
23:28.0,114.8977017,4.97718633,,,,,,,,,,,,,,,,,,
23:32.0,114.8976883,4.977165,,,,,,,,,,,,,,,,,,
23:34.0,114.8976838,4.97716467,,,,,,,,,,,,,,,,,,
23:36.0,114.8976822,4.97716467,,,,,,,,,,,,,,,,,,
23:38.0,114.8976807,4.97716117,,,,,,,,,,,,,,,,,,
23:40.0,114.8976782,4.97715933,,,,,,,,,,,,,,,,,,
23:41.0,114.8976768,4.97715967,,,,,,,,,,,,,,,,,,
23:42.0,114.8976785,4.97716083,,,,,,,,,,,,,,,,,,
23:44.0,114.8976783,4.97716267,,,,,,,,,,,,,,,,,,
23:47.0,114.8976805,4.97716383,,,,,,,,,,,,,,,,,,
23:48.0,114.8976828,4.97716233,,,,,,,,,,,,,,,,,,
23:53.0,114.8976768,4.977154,,,,,,,,,,,,,,,,,,
23:54.0,114.897674,4.97714767,,,,,,,,,,,,,,,,,,
23:56.0,114.8976632,4.97713633,,,,,,,,,,,,,,,,,,
24:00.0,114.8976363,4.97711467,,,,,,,,,,,,,,,,,,
24:03.0,114.897608,4.9771055,,,,,,,,,,,,,,,,,,
24:04.0,114.8975977,4.97710233,,,,,,,,,,,,,,,,,,
24:07.0,114.8975655,4.977093,,,,,,,,,,,,,,,,,,
24:09.0,114.8975438,4.97708717,,,,,,,,,,,,,,,,,,
24:11.0,114.897528,4.97708117,,,,,,,,,,,,,,,,,,
24:14.0,114.8975052,4.97707067,,,,,,,,,,,,,,,,,,
24:16.0,114.8974967,4.9770645,,,,,,,,,,,,,,,,,,
24:18.0,114.8974825,4.97706317,,,,,,,,,,,,,,,,,,
24:20.0,114.897466,4.977061,,,,,,,,,,,,,,,,,,
24:21.0,114.8974577,4.977064,,,,,,,,,,,,,,,,,,
24:22.0,114.8974502,4.97706583,,,,,,,,,,,,,,,,,,
24:24.0,114.8974323,4.977072,,,,,,,,,,,,,,,,,,
24:25.0,114.897424,4.97707783,,,,,,,,,,,,,,,,,,
24:26.0,114.8974157,4.97708383,,,,,,,,,,,,,,,,,,
24:27.0,114.8974067,4.977089,,,,,,,,,,,,,,,,,,
24:30.0,114.8973797,4.97710367,,,,,,,,,,,,,,,,,,
24:31.0,114.897372,4.97711067,,,,,,,,,,,,,,,,,,
24:37.0,114.8973392,4.97715,,,,,,,,,,,,,,,,,,
24:38.0,114.8973383,4.9771545,,,,,,,,,,,,,,,,,,
24:42.0,114.8973492,4.9771695,,,,,,,,,,,,,,,,,,
24:44.0,114.8973667,4.97716633,,,,,,,,,,,,,,,,,,
24:45.0,114.8973752,4.97716267,,,,,,,,,,,,,,,,,,
24:48.0,114.897398,4.97715733,,,,,,,,,,,,,,,,,,
24:49.0,114.8974045,4.97715767,,,,,,,,,,,,,,,,,,
24:51.0,114.8974188,4.97715783,,,,,,,,,,,,,,,,,,
24:54.0,114.8974493,4.97715267,,,,,,,,,,,,,,,,,,
24:56.0,114.897464,4.977157,,,,,,,,,,,,,,,,,,
24:58.0,114.8974755,4.97716433,,,,,,,,,,,,,,,,,,
25:01.0,114.8974767,4.9771725,,,,,,,,,,,,,,,,,,
25:02.0,114.897476,4.97717367,,,,,,,,,,,,,,,,,,
25:03.0,114.8974755,4.97717517,,,,,,,,,,,,,,,,,,
25:04.0,114.8974747,4.97717583,,,,,,,,,,,,,,,,,,
25:08.0,114.8974738,4.97717833,,,,,,,,,,,,,,,,,,
25:09.0,114.897473,4.97717983,,,,,,,,,,,,,,,,,,
25:10.0,114.8974733,4.97718233,,,,,,,,,,,,,,,,,,
25:11.0,114.8974727,4.97718433,,,,,,,,,,,,,,,,,,
25:12.0,114.8974725,4.97718667,,,,,,,,,,,,,,,,,,
25:14.0,114.8974705,4.977193,,,,,,,,,,,,,,,,,,
25:16.0,114.8974673,4.97719733,,,,,,,,,,,,,,,,,,
25:18.0,114.8974667,4.9771995,,,,,,,,,,,,,,,,,,
25:20.0,114.8974663,4.9772015,,,,,,,,,,,,,,,,,,
25:21.0,114.897467,4.97720267,,,,,,,,,,,,,,,,,,
25:24.0,114.897467,4.97720533,,,,,,,,,,,,,,,,,,
25:25.0,114.8974683,4.977207,,,,,,,,,,,,,,,,,,
25:26.0,114.8974698,4.97720783,,,,,,,,,,,,,,,,,,
25:27.0,114.8974687,4.9772095,,,,,,,,,,,,,,,,,,
25:29.0,114.8974665,4.9772175,,,,,,,,,,,,,,,,,,
25:31.0,114.8974608,4.97722583,,,,,,,,,,,,,,,,,,
25:32.0,114.8974598,4.977232,,,,,,,,,,,,,,,,,,
25:35.0,114.8974528,4.97725367,,,,,,,,,,,,,,,,,,
25:37.0,114.8974477,4.97726667,,,,,,,,,,,,,,,,,,
25:38.0,114.8974405,4.977268,,,,,,,,,,,,,,,,,,
25:39.0,114.8974325,4.97726717,,,,,,,,,,,,,,,,,,
25:40.0,114.8974263,4.9772665,,,,,,,,,,,,,,,,,,
25:41.0,114.8974215,4.977262,,,,,,,,,,,,,,,,,,
25:43.0,114.89742,4.97726117,,,,,,,,,,,,,,,,,,
25:44.0,114.8974213,4.97726167,,,,,,,,,,,,,,,,,,
25:45.0,114.8974233,4.97726217,,,,,,,,,,,,,,,,,,
25:47.0,114.8974242,4.97726283,,,,,,,,,,,,,,,,,,
25:49.0,114.8974242,4.97726283,,,,,,,,,,,,,,,,,,
25:50.0,114.8974242,4.97726283,,,,,,,,,,,,,,,,,,
25:51.0,114.8974242,4.977263,,,,,,,,,,,,,,,,,,
25:53.0,114.8974242,4.977263,,,,,,,,,,,,,,,,,,
25:55.0,114.897424,4.97726283,,,,,,,,,,,,,,,,,,
25:56.0,114.897424,4.97726283,,,,,,,,,,,,,,,,,,
25:57.0,114.897424,4.977263,,,,,,,,,,,,,,,,,,
25:58.0,114.8974238,4.977263,,,,,,,,,,,,,,,,,,
25:59.0,114.8974238,4.97726317,,,,,,,,,,,,,,,,,,
26:00.0,114.8974238,4.97726317,,,,,,,,,,,,,,,,,,
26:01.0,114.8974237,4.97726333,,,,,,,,,,,,,,,,,,
26:02.0,114.8974237,4.97726333,,,,,,,,,,,,,,,,,,
26:03.0,114.8974235,4.9772635,,,,,,,,,,,,,,,,,,
26:04.0,114.8974235,4.9772635,,,,,,,,,,,,,,,,,,
26:05.0,114.8974233,4.9772635,,,,,,,,,,,,,,,,,,
26:07.0,114.8974232,4.97726367,,,,,,,,,,,,,,,,,,
26:09.0,114.897423,4.97726383,,,,,,,,,,,,,,,,,,
26:11.0,114.8974228,4.97726383,,,,,,,,,,,,,,,,,,
26:13.0,114.8974227,4.97726383,,,,,,,,,,,,,,,,,,
26:15.0,114.8974225,4.977264,,,,,,,,,,,,,,,,,,
26:17.0,114.8974225,4.977264,,,,,,,,,,,,,,,,,,
26:18.0,114.8974223,4.97726417,,,,,,,,,,,,,,,,,,
26:19.0,114.8974223,4.97726417,,,,,,,,,,,,,,,,,,
26:20.0,114.8974223,4.97726417,,,,,,,,,,,,,,,,,,
26:22.0,114.8974222,4.97726417,,,,,,,,,,,,,,,,,,
26:24.0,114.8974222,4.97726417,,,,,,,,,,,,,,,,,,
26:26.0,114.8974222,4.97726433,,,,,,,,,,,,,,,,,,
26:27.0,114.897422,4.97726433,,,,,,,,,,,,,,,,,,
26:30.0,114.8974218,4.97726417,,,,,,,,,,,,,,,,,,
26:31.0,114.8974217,4.97726417,,,,,,,,,,,,,,,,,,
26:32.0,114.8974217,4.97726417,,,,,,,,,,,,,,,,,,
26:36.0,114.8974215,4.97726417,,,,,,,,,,,,,,,,,,
26:38.0,114.8974215,4.97726417,,,,,,,,,,,,,,,,,,
26:44.0,114.897421,4.97726383,,,,,,,,,,,,,,,,,,
26:45.0,114.8974208,4.97726383,,,,,,,,,,,,,,,,,,
26:46.0,114.8974208,4.97726383,,,,,,,,,,,,,,,,,,
26:48.0,114.8974207,4.97726383,,,,,,,,,,,,,,,,,,
26:49.0,114.8974205,4.97726383,,,,,,,,,,,,,,,,,,
26:51.0,114.8974203,4.97726367,,,,,,,,,,,,,,,,,,
26:53.0,114.8974202,4.97726367,,,,,,,,,,,,,,,,,,
26:57.0,114.8974202,4.9772635,,,,,,,,,,,,,,,,,,
26:59.0,114.89742,4.9772635,,,,,,,,,,,,,,,,,,
27:04.0,114.8974193,4.9772635,,,,,,,,,,,,,,,,,,
27:06.0,114.8974193,4.9772635,,,,,,,,,,,,,,,,,,
27:11.0,114.8974192,4.97726317,,,,,,,,,,,,,,,,,,
27:13.0,114.897419,4.97726317,,,,,,,,,,,,,,,,,,
27:15.0,114.897419,4.977263,,,,,,,,,,,,,,,,,,
27:16.0,114.897419,4.977263,,,,,,,,,,,,,,,,,,
27:18.0,114.8974188,4.977263,,,,,,,,,,,,,,,,,,
27:20.0,114.8974187,4.977263,,,,,,,,,,,,,,,,,,
27:22.0,114.8974185,4.977263,,,,,,,,,,,,,,,,,,
27:24.0,114.8974185,4.977263,,,,,,,,,,,,,,,,,,
27:25.0,114.8974185,4.977263,,,,,,,,,,,,,,,,,,
27:26.0,114.8974185,4.977263,,,,,,,,,,,,,,,,,,
27:27.0,114.8974185,4.977263,,,,,,,,,,,,,,,,,,
27:28.0,114.8974185,4.977263,,,,,,,,,,,,,,,,,,
27:29.0,114.8974185,4.977263,,,,,,,,,,,,,,,,,,
27:30.0,114.8974182,4.977263,,,,,,,,,,,,,,,,,,
27:31.0,114.897418,4.977263,,,,,,,,,,,,,,,,,,
27:33.0,114.897418,4.97726283,,,,,,,,,,,,,,,,,,
27:35.0,114.897418,4.97726283,,,,,,,,,,,,,,,,,,
27:36.0,114.897418,4.97726283,,,,,,,,,,,,,,,,,,
27:37.0,114.897418,4.97726283,,,,,,,,,,,,,,,,,,
27:39.0,114.8974178,4.97726267,,,,,,,,,,,,,,,,,,
27:40.0,114.8974178,4.97726267,,,,,,,,,,,,,,,,,,
27:41.0,114.8974177,4.97726267,,,,,,,,,,,,,,,,,,
27:42.0,114.8974177,4.97726267,,,,,,,,,,,,,,,,,,
27:44.0,114.8974177,4.97726267,,,,,,,,,,,,,,,,,,
27:46.0,114.8974177,4.97726267,,,,,,,,,,,,,,,,,,
27:48.0,114.8974177,4.97726267,,,,,,,,,,,,,,,,,,
27:51.0,114.8974175,4.97726267,,,,,,,,,,,,,,,,,,
27:52.0,114.8974173,4.97726267,,,,,,,,,,,,,,,,,,
27:53.0,114.8974173,4.97726267,,,,,,,,,,,,,,,,,,
27:54.0,114.8974173,4.97726267,,,,,,,,,,,,,,,,,,
27:55.0,114.8974173,4.97726267,,,,,,,,,,,,,,,,,,
27:58.0,114.8974172,4.97726267,,,,,,,,,,,,,,,,,,
27:59.0,114.8974172,4.97726267,,,,,,,,,,,,,,,,,,
28:01.0,114.8974172,4.9772625,,,,,,,,,,,,,,,,,,
28:03.0,114.897417,4.9772625,,,,,,,,,,,,,,,,,,
28:04.0,114.897417,4.9772625,,,,,,,,,,,,,,,,,,
28:06.0,114.897417,4.9772625,,,,,,,,,,,,,,,,,,
28:07.0,114.8974168,4.9772625,,,,,,,,,,,,,,,,,,
28:12.0,114.8974168,4.97726233,,,,,,,,,,,,,,,,,,
28:13.0,114.8974167,4.97726233,,,,,,,,,,,,,,,,,,
28:19.0,114.8974167,4.97726217,,,,,,,,,,,,,,,,,,
28:20.0,114.8974165,4.97726217,,,,,,,,,,,,,,,,,,
28:21.0,114.8974165,4.97726217,,,,,,,,,,,,,,,,,,
28:22.0,114.8974165,4.97726217,,,,,,,,,,,,,,,,,,
28:24.0,114.8974165,4.977262,,,,,,,,,,,,,,,,,,
28:26.0,114.8974165,4.977262,,,,,,,,,,,,,,,,,,
28:27.0,114.8974165,4.977262,,,,,,,,,,,,,,,,,,
28:30.0,114.8974165,4.97726183,,,,,,,,,,,,,,,,,,
28:32.0,114.8974167,4.97726183,,,,,,,,,,,,,,,,,,
28:34.0,114.8974167,4.97726183,,,,,,,,,,,,,,,,,,
28:37.0,114.8974167,4.97726183,,,,,,,,,,,,,,,,,,
28:39.0,114.8974168,4.97726183,,,,,,,,,,,,,,,,,,
28:41.0,114.897417,4.977262,,,,,,,,,,,,,,,,,,
28:43.0,114.897417,4.977262,,,,,,,,,,,,,,,,,,
28:44.0,114.8974172,4.977262,,,,,,,,,,,,,,,,,,
28:45.0,114.8974172,4.977262,,,,,,,,,,,,,,,,,,
28:46.0,114.8974172,4.977262,,,,,,,,,,,,,,,,,,
28:49.0,114.8974173,4.97726183,,,,,,,,,,,,,,,,,,
28:51.0,114.8974173,4.97726183,,,,,,,,,,,,,,,,,,
28:54.0,114.8974173,4.97726167,,,,,,,,,,,,,,,,,,
28:56.0,114.8974173,4.97726167,,,,,,,,,,,,,,,,,,
28:58.0,114.8974173,4.97726167,,,,,,,,,,,,,,,,,,
29:00.0,114.8974173,4.97726167,,,,,,,,,,,,,,,,,,
29:01.0,114.8974173,4.97726167,,,,,,,,,,,,,,,,,,
29:02.0,114.8974173,4.97726167,,,,,,,,,,,,,,,,,,
29:03.0,114.8974175,4.97726167,,,,,,,,,,,,,,,,,,
29:04.0,114.8974175,4.97726167,,,,,,,,,,,,,,,,,,
29:06.0,114.8974175,4.97726167,,,,,,,,,,,,,,,,,,
29:07.0,114.8974177,4.97726167,,,,,,,,,,,,,,,,,,
29:08.0,114.8974177,4.97726167,,,,,,,,,,,,,,,,,,
29:10.0,114.8974178,4.97726167,,,,,,,,,,,,,,,,,,
29:12.0,114.897418,4.97726183,,,,,,,,,,,,,,,,,,
29:13.0,114.897418,4.97726183,,,,,,,,,,,,,,,,,,
29:14.0,114.897418,4.97726183,,,,,,,,,,,,,,,,,,
29:16.0,114.897418,4.97726183,,,,,,,,,,,,,,,,,,
29:18.0,114.8974187,4.97726583,,,,,,,,,,,,,,,,,,
29:20.0,114.897417,4.97727783,,,,,,,,,,,,,,,,,,
29:21.0,114.897418,4.97728433,,,,,,,,,,,,,,,,,,
29:23.0,114.8974128,4.97729917,,,,,,,,,,,,,,,,,,
29:25.0,114.8974018,4.9773145,,,,,,,,,,,,,,,,,,
29:26.0,114.8973965,4.977323,,,,,,,,,,,,,,,,,,
29:27.0,114.8973908,4.9773315,,,,,,,,,,,,,,,,,,
29:29.0,114.8973775,4.97734767,,,,,,,,,,,,,,,,,,
29:31.0,114.8973628,4.977363,,,,,,,,,,,,,,,,,,
29:32.0,114.8973563,4.97737233,,,,,,,,,,,,,,,,,,
29:34.0,114.897348,4.97739283,,,,,,,,,,,,,,,,,,
29:36.0,114.8973342,4.97741033,,,,,,,,,,,,,,,,,,
29:37.0,114.8973253,4.97741867,,,,,,,,,,,,,,,,,,
29:38.0,114.897317,4.977427,,,,,,,,,,,,,,,,,,
29:39.0,114.8973092,4.977435,,,,,,,,,,,,,,,,,,
29:40.0,114.8973018,4.97744367,,,,,,,,,,,,,,,,,,
29:44.0,114.8972728,4.9774735,,,,,,,,,,,,,,,,,,
29:45.0,114.8972643,4.97747767,,,,,,,,,,,,,,,,,,
29:46.0,114.8972567,4.97748183,,,,,,,,,,,,,,,,,,
29:48.0,114.8972458,4.97748717,,,,,,,,,,,,,,,,,,
29:50.0,114.8972438,4.97748817,,,,,,,,,,,,,,,,,,
29:51.0,114.8972443,4.97748867,,,,,,,,,,,,,,,,,,
29:53.0,114.8972445,4.9774895,,,,,,,,,,,,,,,,,,
29:56.0,114.8972352,4.97749433,,,,,,,,,,,,,,,,,,
29:59.0,114.8972293,4.97749517,,,,,,,,,,,,,,,,,,
30:02.0,114.8972293,4.9774935,,,,,,,,,,,,,,,,,,
30:03.0,114.8972302,4.97749383,,,,,,,,,,,,,,,,,,
30:06.0,114.8972305,4.9774935,,,,,,,,,,,,,,,,,,
30:08.0,114.897234,4.9774945,,,,,,,,,,,,,,,,,,
30:09.0,114.8972388,4.97749583,,,,,,,,,,,,,,,,,,
30:10.0,114.897246,4.97749767,,,,,,,,,,,,,,,,,,
30:11.0,114.897255,4.97750017,,,,,,,,,,,,,,,,,,
30:13.0,114.8972722,4.9775095,,,,,,,,,,,,,,,,,,
30:14.0,114.8972782,4.97751767,,,,,,,,,,,,,,,,,,
30:16.0,114.8972883,4.97753667,,,,,,,,,,,,,,,,,,
30:19.0,114.897308,4.97755767,,,,,,,,,,,,,,,,,,
30:20.0,114.897314,4.9775625,,,,,,,,,,,,,,,,,,
30:22.0,114.8973183,4.9775655,,,,,,,,,,,,,,,,,,
30:24.0,114.897318,4.97756583,,,,,,,,,,,,,,,,,,
30:26.0,114.8973178,4.97756567,,,,,,,,,,,,,,,,,,
30:28.0,114.8973178,4.97756583,,,,,,,,,,,,,,,,,,
30:29.0,114.8973182,4.97756583,,,,,,,,,,,,,,,,,,
30:30.0,114.8973182,4.97756583,,,,,,,,,,,,,,,,,,
30:32.0,114.8973183,4.97756567,,,,,,,,,,,,,,,,,,
30:33.0,114.8973185,4.97756533,,,,,,,,,,,,,,,,,,
30:34.0,114.8973185,4.97756533,,,,,,,,,,,,,,,,,,
30:35.0,114.8973187,4.97756533,,,,,,,,,,,,,,,,,,
30:36.0,114.8973187,4.97756533,,,,,,,,,,,,,,,,,,
30:37.0,114.8973187,4.97756533,,,,,,,,,,,,,,,,,,
30:38.0,114.8973187,4.97756533,,,,,,,,,,,,,,,,,,
30:39.0,114.8973188,4.97756533,,,,,,,,,,,,,,,,,,
30:40.0,114.8973188,4.97756533,,,,,,,,,,,,,,,,,,
30:43.0,114.8973188,4.97756533,,,,,,,,,,,,,,,,,,
30:44.0,114.8973188,4.97756533,,,,,,,,,,,,,,,,,,
30:45.0,114.8973188,4.97756533,,,,,,,,,,,,,,,,,,
30:46.0,114.897319,4.97756533,,,,,,,,,,,,,,,,,,
30:48.0,114.897319,4.97756533,,,,,,,,,,,,,,,,,,
30:50.0,114.897319,4.97756517,,,,,,,,,,,,,,,,,,
30:54.0,114.897319,4.97756483,,,,,,,,,,,,,,,,,,
30:55.0,114.897319,4.97756483,,,,,,,,,,,,,,,,,,
30:56.0,114.897319,4.97756467,,,,,,,,,,,,,,,,,,
30:57.0,114.897319,4.97756467,,,,,,,,,,,,,,,,,,
31:00.0,114.897319,4.97756467,,,,,,,,,,,,,,,,,,
31:01.0,114.897319,4.97756467,,,,,,,,,,,,,,,,,,
31:02.0,114.897319,4.9775645,,,,,,,,,,,,,,,,,,
31:03.0,114.897319,4.9775645,,,,,,,,,,,,,,,,,,
31:06.0,114.897319,4.97756417,,,,,,,,,,,,,,,,,,
31:08.0,114.897319,4.977564,,,,,,,,,,,,,,,,,,
31:09.0,114.897319,4.977564,,,,,,,,,,,,,,,,,,
31:12.0,114.897319,4.97756367,,,,,,,,,,,,,,,,,,
31:14.0,114.897319,4.9775635,,,,,,,,,,,,,,,,,,
31:18.0,114.8973188,4.977563,,,,,,,,,,,,,,,,,,
31:19.0,114.8973187,4.97756283,,,,,,,,,,,,,,,,,,
31:21.0,114.8973187,4.9775625,,,,,,,,,,,,,,,,,,
31:22.0,114.8973185,4.97756233,,,,,,,,,,,,,,,,,,
31:24.0,114.8973185,4.977562,,,,,,,,,,,,,,,,,,
31:27.0,114.8973185,4.97756167,,,,,,,,,,,,,,,,,,
31:28.0,114.8973185,4.9775615,,,,,,,,,,,,,,,,,,
31:29.0,114.8973183,4.9775615,,,,,,,,,,,,,,,,,,
31:30.0,114.8973183,4.97756133,,,,,,,,,,,,,,,,,,
31:31.0,114.8973185,4.97756133,,,,,,,,,,,,,,,,,,
31:34.0,114.8973187,4.97756117,,,,,,,,,,,,,,,,,,
31:36.0,114.8973188,4.97756117,,,,,,,,,,,,,,,,,,
31:37.0,114.8973188,4.977561,,,,,,,,,,,,,,,,,,
31:39.0,114.8973188,4.97756083,,,,,,,,,,,,,,,,,,
31:41.0,114.8973188,4.97756083,,,,,,,,,,,,,,,,,,
31:43.0,114.8973187,4.9775605,,,,,,,,,,,,,,,,,,
31:45.0,114.8973185,4.9775605,,,,,,,,,,,,,,,,,,
31:47.0,114.8973185,4.97756033,,,,,,,,,,,,,,,,,,
31:49.0,114.8973187,4.97756017,,,,,,,,,,,,,,,,,,
31:51.0,114.8973187,4.97756017,,,,,,,,,,,,,,,,,,
31:52.0,114.8973187,4.97756033,,,,,,,,,,,,,,,,,,
31:53.0,114.8973188,4.97756017,,,,,,,,,,,,,,,,,,
31:54.0,114.8973188,4.97756017,,,,,,,,,,,,,,,,,,
31:55.0,114.8973188,4.97756017,,,,,,,,,,,,,,,,,,
31:56.0,114.8973188,4.97756033,,,,,,,,,,,,,,,,,,
31:58.0,114.8973188,4.97756017,,,,,,,,,,,,,,,,,,
32:00.0,114.8973188,4.97756017,,,,,,,,,,,,,,,,,,
32:02.0,114.897319,4.97756,,,,,,,,,,,,,,,,,,
32:04.0,114.897319,4.97756,,,,,,,,,,,,,,,,,,
32:06.0,114.8973192,4.97756,,,,,,,,,,,,,,,,,,
32:08.0,114.8973192,4.97755983,,,,,,,,,,,,,,,,,,
32:09.0,114.8973192,4.97755983,,,,,,,,,,,,,,,,,,
32:10.0,114.8973192,4.97755983,,,,,,,,,,,,,,,,,,
32:11.0,114.8973192,4.97755983,,,,,,,,,,,,,,,,,,
32:12.0,114.8973193,4.97755983,,,,,,,,,,,,,,,,,,
32:14.0,114.8973193,4.97755983,,,,,,,,,,,,,,,,,,
32:15.0,114.8973193,4.97755983,,,,,,,,,,,,,,,,,,
32:16.0,114.8973193,4.97755983,,,,,,,,,,,,,,,,,,
32:18.0,114.8973193,4.97755967,,,,,,,,,,,,,,,,,,
32:20.0,114.8973195,4.97755967,,,,,,,,,,,,,,,,,,
32:23.0,114.8973195,4.97755967,,,,,,,,,,,,,,,,,,
32:25.0,114.8973197,4.97755967,,,,,,,,,,,,,,,,,,
32:26.0,114.8973197,4.97755967,,,,,,,,,,,,,,,,,,
32:27.0,114.8973197,4.97755967,,,,,,,,,,,,,,,,,,
32:30.0,114.8973197,4.9775595,,,,,,,,,,,,,,,,,,
32:33.0,114.8973197,4.9775595,,,,,,,,,,,,,,,,,,
32:37.0,114.8973198,4.9775595,,,,,,,,,,,,,,,,,,
32:38.0,114.8973198,4.9775595,,,,,,,,,,,,,,,,,,
32:39.0,114.8973198,4.97755933,,,,,,,,,,,,,,,,,,
32:40.0,114.8973198,4.97755933,,,,,,,,,,,,,,,,,,
32:42.0,114.8973198,4.9775595,,,,,,,,,,,,,,,,,,
32:44.0,114.8973197,4.9775595,,,,,,,,,,,,,,,,,,
32:46.0,114.8973163,4.97756417,,,,,,,,,,,,,,,,,,
32:48.0,114.8973103,4.9775775,,,,,,,,,,,,,,,,,,
32:50.0,114.8973068,4.9775945,,,,,,,,,,,,,,,,,,
32:51.0,114.8973045,4.977604,,,,,,,,,,,,,,,,,,
32:53.0,114.8972967,4.9776215,,,,,,,,,,,,,,,,,,
32:55.0,114.8972913,4.97764067,,,,,,,,,,,,,,,,,,
32:57.0,114.8972845,4.97766083,,,,,,,,,,,,,,,,,,
32:59.0,114.8972758,4.97768033,,,,,,,,,,,,,,,,,,
33:01.0,114.8972665,4.9777005,,,,,,,,,,,,,,,,,,
33:02.0,114.8972625,4.977711,,,,,,,,,,,,,,,,,,
33:04.0,114.8972557,4.9777315,,,,,,,,,,,,,,,,,,
33:05.0,114.897251,4.9777405,,,,,,,,,,,,,,,,,,
33:06.0,114.8972452,4.97774933,,,,,,,,,,,,,,,,,,
33:08.0,114.8972342,4.9777685,,,,,,,,,,,,,,,,,,
33:09.0,114.8972293,4.97777833,,,,,,,,,,,,,,,,,,
33:10.0,114.897225,4.977789,,,,,,,,,,,,,,,,,,
33:11.0,114.8972205,4.9778,,,,,,,,,,,,,,,,,,
33:12.0,114.8972153,4.9778105,,,,,,,,,,,,,,,,,,
33:14.0,114.8972048,4.9778265,,,,,,,,,,,,,,,,,,
33:16.0,114.8971937,4.97784117,,,,,,,,,,,,,,,,,,
33:17.0,114.897189,4.9778485,,,,,,,,,,,,,,,,,,
33:18.0,114.8971855,4.97785433,,,,,,,,,,,,,,,,,,
33:19.0,114.8971833,4.97785633,,,,,,,,,,,,,,,,,,
33:20.0,114.8971817,4.97785783,,,,,,,,,,,,,,,,,,
33:21.0,114.8971823,4.977858,,,,,,,,,,,,,,,,,,
33:25.0,114.8971817,4.97785717,,,,,,,,,,,,,,,,,,
33:27.0,114.8971813,4.97785717,,,,,,,,,,,,,,,,,,
33:30.0,114.8971812,4.97785733,,,,,,,,,,,,,,,,,,
33:32.0,114.897181,4.97785733,,,,,,,,,,,,,,,,,,
33:34.0,114.8971808,4.97785717,,,,,,,,,,,,,,,,,,
33:36.0,114.8971808,4.977857,,,,,,,,,,,,,,,,,,
33:37.0,114.8971807,4.97785717,,,,,,,,,,,,,,,,,,
33:38.0,114.8971807,4.97785717,,,,,,,,,,,,,,,,,,
33:39.0,114.8971805,4.97785717,,,,,,,,,,,,,,,,,,
33:40.0,114.8971803,4.977857,,,,,,,,,,,,,,,,,,
33:41.0,114.8971803,4.97785717,,,,,,,,,,,,,,,,,,
33:44.0,114.8971797,4.97785733,,,,,,,,,,,,,,,,,,
33:45.0,114.8971793,4.9778575,,,,,,,,,,,,,,,,,,
33:46.0,114.897179,4.9778575,,,,,,,,,,,,,,,,,,
33:47.0,114.8971787,4.97785767,,,,,,,,,,,,,,,,,,
33:49.0,114.897178,4.97785767,,,,,,,,,,,,,,,,,,
33:50.0,114.8971777,4.97785767,,,,,,,,,,,,,,,,,,
33:52.0,114.897177,4.97785783,,,,,,,,,,,,,,,,,,
33:55.0,114.8971762,4.97785783,,,,,,,,,,,,,,,,,,
33:56.0,114.897176,4.97785783,,,,,,,,,,,,,,,,,,
33:57.0,114.8971757,4.977858,,,,,,,,,,,,,,,,,,
33:58.0,114.8971757,4.97785783,,,,,,,,,,,,,,,,,,
34:01.0,114.897175,4.977858,,,,,,,,,,,,,,,,,,
34:02.0,114.8971748,4.977858,,,,,,,,,,,,,,,,,,
34:03.0,114.8971747,4.97785817,,,,,,,,,,,,,,,,,,
34:04.0,114.8971745,4.97785817,,,,,,,,,,,,,,,,,,
34:05.0,114.8971743,4.97785817,,,,,,,,,,,,,,,,,,
34:07.0,114.8971742,4.977858,,,,,,,,,,,,,,,,,,
34:08.0,114.897174,4.977858,,,,,,,,,,,,,,,,,,
34:10.0,114.8971738,4.97785817,,,,,,,,,,,,,,,,,,
34:12.0,114.8971737,4.97785817,,,,,,,,,,,,,,,,,,
34:14.0,114.8971735,4.97785817,,,,,,,,,,,,,,,,,,
34:15.0,114.8971735,4.977858,,,,,,,,,,,,,,,,,,
34:16.0,114.8971735,4.977858,,,,,,,,,,,,,,,,,,
34:18.0,114.8971732,4.97785783,,,,,,,,,,,,,,,,,,
34:19.0,114.8971732,4.97785767,,,,,,,,,,,,,,,,,,
34:20.0,114.897173,4.97785767,,,,,,,,,,,,,,,,,,
34:21.0,114.897173,4.97785767,,,,,,,,,,,,,,,,,,
34:22.0,114.8971728,4.97785767,,,,,,,,,,,,,,,,,,
34:24.0,114.8971727,4.97785767,,,,,,,,,,,,,,,,,,
34:25.0,114.8971725,4.9778575,,,,,,,,,,,,,,,,,,
34:26.0,114.8971723,4.97785767,,,,,,,,,,,,,,,,,,
34:29.0,114.897172,4.97785767,,,,,,,,,,,,,,,,,,
34:31.0,114.897172,4.9778575,,,,,,,,,,,,,,,,,,
34:33.0,114.8971718,4.97785733,,,,,,,,,,,,,,,,,,
34:35.0,114.8971722,4.97785717,,,,,,,,,,,,,,,,,,
34:36.0,114.8971722,4.97785717,,,,,,,,,,,,,,,,,,
34:38.0,114.897172,4.97785717,,,,,,,,,,,,,,,,,,
34:40.0,114.8971722,4.97785717,,,,,,,,,,,,,,,,,,
34:41.0,114.897172,4.97785733,,,,,,,,,,,,,,,,,,
34:43.0,114.8971718,4.97785733,,,,,,,,,,,,,,,,,,
34:44.0,114.897172,4.9778575,,,,,,,,,,,,,,,,,,
34:45.0,114.8971718,4.9778575,,,,,,,,,,,,,,,,,,
34:47.0,114.8971718,4.97785767,,,,,,,,,,,,,,,,,,
34:48.0,114.8971718,4.97785767,,,,,,,,,,,,,,,,,,
34:49.0,114.897172,4.97785767,,,,,,,,,,,,,,,,,,
34:50.0,114.897172,4.97785783,,,,,,,,,,,,,,,,,,
34:51.0,114.897172,4.97785783,,,,,,,,,,,,,,,,,,
34:55.0,114.8971717,4.97785767,,,,,,,,,,,,,,,,,,
34:56.0,114.8971717,4.97785767,,,,,,,,,,,,,,,,,,
34:57.0,114.8971715,4.97785767,,,,,,,,,,,,,,,,,,
35:00.0,114.8971713,4.97785767,,,,,,,,,,,,,,,,,,
35:02.0,114.8971712,4.97785767,,,,,,,,,,,,,,,,,,
35:07.0,114.897171,4.97785783,,,,,,,,,,,,,,,,,,
35:08.0,114.8971712,4.97785783,,,,,,,,,,,,,,,,,,
35:09.0,114.8971712,4.97785783,,,,,,,,,,,,,,,,,,
35:10.0,114.8971712,4.97785783,,,,,,,,,,,,,,,,,,
35:12.0,114.8971712,4.977858,,,,,,,,,,,,,,,,,,
35:14.0,114.8971712,4.97785817,,,,,,,,,,,,,,,,,,
35:18.0,114.8971713,4.97785817,,,,,,,,,,,,,,,,,,
35:19.0,114.8971713,4.97785817,,,,,,,,,,,,,,,,,,
35:20.0,114.8971713,4.97785817,,,,,,,,,,,,,,,,,,
35:25.0,114.8971715,4.9778585,,,,,,,,,,,,,,,,,,
35:26.0,114.8971715,4.9778585,,,,,,,,,,,,,,,,,,
35:27.0,114.8971717,4.9778585,,,,,,,,,,,,,,,,,,
35:30.0,114.8971718,4.97785867,,,,,,,,,,,,,,,,,,
35:32.0,114.8971718,4.97785883,,,,,,,,,,,,,,,,,,
35:33.0,114.897172,4.97785883,,,,,,,,,,,,,,,,,,
35:38.0,114.8971725,4.97785883,,,,,,,,,,,,,,,,,,
35:40.0,114.8971727,4.97785883,,,,,,,,,,,,,,,,,,
35:44.0,114.8971732,4.97785867,,,,,,,,,,,,,,,,,,
35:45.0,114.8971732,4.9778585,,,,,,,,,,,,,,,,,,
35:48.0,114.8971735,4.97785833,,,,,,,,,,,,,,,,,,
35:50.0,114.8971738,4.9778585,,,,,,,,,,,,,,,,,,
35:51.0,114.8971738,4.97785833,,,,,,,,,,,,,,,,,,
35:52.0,114.8971738,4.97785833,,,,,,,,,,,,,,,,,,
35:53.0,114.8971738,4.9778585,,,,,,,,,,,,,,,,,,
35:54.0,114.8971728,4.97785933,,,,,,,,,,,,,,,,,,
35:55.0,114.8971707,4.97786283,,,,,,,,,,,,,,,,,,
35:56.0,114.8971683,4.97786817,,,,,,,,,,,,,,,,,,
35:58.0,114.897172,4.9778775,,,,,,,,,,,,,,,,,,
36:03.0,114.897175,4.977904,,,,,,,,,,,,,,,,,,
36:05.0,114.897175,4.97792433,,,,,,,,,,,,,,,,,,
36:08.0,114.897175,4.97795433,,,,,,,,,,,,,,,,,,
36:09.0,114.897174,4.97796433,,,,,,,,,,,,,,,,,,
36:10.0,114.8971735,4.977975,,,,,,,,,,,,,,,,,,
36:12.0,114.8971728,4.97799717,,,,,,,,,,,,,,,,,,
36:14.0,114.8971718,4.97801767,,,,,,,,,,,,,,,,,,
36:15.0,114.8971708,4.97802767,,,,,,,,,,,,,,,,,,
36:16.0,114.8971703,4.97803767,,,,,,,,,,,,,,,,,,
36:17.0,114.8971713,4.9780485,,,,,,,,,,,,,,,,,,
36:18.0,114.8971723,4.9780595,,,,,,,,,,,,,,,,,,
36:19.0,114.8971743,4.97807067,,,,,,,,,,,,,,,,,,
36:20.0,114.897176,4.97808083,,,,,,,,,,,,,,,,,,
36:22.0,114.8971772,4.97809833,,,,,,,,,,,,,,,,,,
36:23.0,114.8971777,4.97810867,,,,,,,,,,,,,,,,,,
36:25.0,114.8971815,4.97812983,,,,,,,,,,,,,,,,,,
36:26.0,114.897185,4.978141,,,,,,,,,,,,,,,,,,
36:27.0,114.897188,4.9781515,,,,,,,,,,,,,,,,,,
36:28.0,114.8971907,4.9781615,,,,,,,,,,,,,,,,,,
36:29.0,114.8971927,4.978172,,,,,,,,,,,,,,,,,,
36:31.0,114.8971968,4.97819367,,,,,,,,,,,,,,,,,,
36:32.0,114.8972012,4.9782045,,,,,,,,,,,,,,,,,,
36:36.0,114.8972242,4.9782395,,,,,,,,,,,,,,,,,,
36:37.0,114.8972302,4.97824833,,,,,,,,,,,,,,,,,,
36:43.0,114.8972692,4.9782895,,,,,,,,,,,,,,,,,,
36:46.0,114.8972688,4.97829067,,,,,,,,,,,,,,,,,,
36:47.0,114.8972693,4.97829067,,,,,,,,,,,,,,,,,,
36:48.0,114.8972687,4.97829083,,,,,,,,,,,,,,,,,,
36:49.0,114.8972682,4.97829133,,,,,,,,,,,,,,,,,,
36:50.0,114.8972682,4.97829133,,,,,,,,,,,,,,,,,,
36:52.0,114.8972672,4.97829167,,,,,,,,,,,,,,,,,,
36:53.0,114.8972663,4.9782925,,,,,,,,,,,,,,,,,,
36:54.0,114.8972663,4.97829233,,,,,,,,,,,,,,,,,,
36:55.0,114.897267,4.97829117,,,,,,,,,,,,,,,,,,
36:56.0,114.8972672,4.97829117,,,,,,,,,,,,,,,,,,
36:58.0,114.8972652,4.97829167,,,,,,,,,,,,,,,,,,
37:00.0,114.8972623,4.9782905,,,,,,,,,,,,,,,,,,
37:02.0,114.8972618,4.97829033,,,,,,,,,,,,,,,,,,
37:04.0,114.8972615,4.97829133,,,,,,,,,,,,,,,,,,
37:05.0,114.8972607,4.97829217,,,,,,,,,,,,,,,,,,
37:06.0,114.89726,4.9782925,,,,,,,,,,,,,,,,,,
37:07.0,114.8972592,4.978293,,,,,,,,,,,,,,,,,,
37:08.0,114.8972582,4.9782935,,,,,,,,,,,,,,,,,,
37:09.0,114.8972567,4.978294,,,,,,,,,,,,,,,,,,
37:11.0,114.897254,4.97829517,,,,,,,,,,,,,,,,,,
37:14.0,114.8972503,4.97829733,,,,,,,,,,,,,,,,,,
37:15.0,114.897249,4.97829817,,,,,,,,,,,,,,,,,,
37:16.0,114.8972475,4.978299,,,,,,,,,,,,,,,,,,
37:20.0,114.8972412,4.97830167,,,,,,,,,,,,,,,,,,
37:21.0,114.8972393,4.97830233,,,,,,,,,,,,,,,,,,
37:24.0,114.8972338,4.97830417,,,,,,,,,,,,,,,,,,
37:27.0,114.8972315,4.9783055,,,,,,,,,,,,,,,,,,
37:28.0,114.8972305,4.97830617,,,,,,,,,,,,,,,,,,
37:31.0,114.8972275,4.978307,,,,,,,,,,,,,,,,,,
37:32.0,114.897227,4.97830733,,,,,,,,,,,,,,,,,,
37:34.0,114.8972258,4.978308,,,,,,,,,,,,,,,,,,
37:35.0,114.897225,4.97830833,,,,,,,,,,,,,,,,,,
37:38.0,114.8972237,4.9783095,,,,,,,,,,,,,,,,,,
37:39.0,114.8972233,4.97830967,,,,,,,,,,,,,,,,,,
37:41.0,114.8972232,4.97831033,,,,,,,,,,,,,,,,,,
37:43.0,114.897223,4.97831083,,,,,,,,,,,,,,,,,,
37:44.0,114.8972227,4.97831117,,,,,,,,,,,,,,,,,,
37:45.0,114.8972225,4.97831133,,,,,,,,,,,,,,,,,,
37:46.0,114.8972215,4.97831167,,,,,,,,,,,,,,,,,,
37:48.0,114.8972205,4.97831233,,,,,,,,,,,,,,,,,,
37:49.0,114.8972202,4.97831267,,,,,,,,,,,,,,,,,,
37:51.0,114.8972193,4.9783135,,,,,,,,,,,,,,,,,,
37:52.0,114.8972183,4.97831383,,,,,,,,,,,,,,,,,,
37:54.0,114.8972178,4.97831483,,,,,,,,,,,,,,,,,,
37:55.0,114.8972177,4.97831517,,,,,,,,,,,,,,,,,,
37:57.0,114.8972175,4.97831617,,,,,,,,,,,,,,,,,,
37:58.0,114.8972178,4.9783165,,,,,,,,,,,,,,,,,,
38:00.0,114.8972178,4.97831717,,,,,,,,,,,,,,,,,,
38:02.0,114.8972177,4.978318,,,,,,,,,,,,,,,,,,
38:04.0,114.8972177,4.97831867,,,,,,,,,,,,,,,,,,
38:05.0,114.8972177,4.97831883,,,,,,,,,,,,,,,,,,
38:06.0,114.8972175,4.97831917,,,,,,,,,,,,,,,,,,
38:07.0,114.8972173,4.97831967,,,,,,,,,,,,,,,,,,
38:08.0,114.8972168,4.97832,,,,,,,,,,,,,,,,,,
38:09.0,114.897217,4.97832033,,,,,,,,,,,,,,,,,,
38:10.0,114.897217,4.9783205,,,,,,,,,,,,,,,,,,
38:11.0,114.8972175,4.97832067,,,,,,,,,,,,,,,,,,
38:12.0,114.8972178,4.97832083,,,,,,,,,,,,,,,,,,
38:13.0,114.8972182,4.97832117,,,,,,,,,,,,,,,,,,
38:14.0,114.897218,4.97832133,,,,,,,,,,,,,,,,,,
38:15.0,114.8972178,4.97832167,,,,,,,,,,,,,,,,,,
38:16.0,114.8972177,4.97832183,,,,,,,,,,,,,,,,,,
38:17.0,114.8972175,4.978322,,,,,,,,,,,,,,,,,,
38:18.0,114.8972177,4.978322,,,,,,,,,,,,,,,,,,
38:20.0,114.8972185,4.978322,,,,,,,,,,,,,,,,,,
38:21.0,114.8972185,4.978322,,,,,,,,,,,,,,,,,,
38:22.0,114.8972183,4.97832233,,,,,,,,,,,,,,,,,,
38:25.0,114.8972182,4.978323,,,,,,,,,,,,,,,,,,
38:26.0,114.8972182,4.97832317,,,,,,,,,,,,,,,,,,
38:36.0,114.8972163,4.97832483,,,,,,,,,,,,,,,,,,
38:37.0,114.897216,4.97832483,,,,,,,,,,,,,,,,,,
38:38.0,114.8972155,4.97832483,,,,,,,,,,,,,,,,,,
38:39.0,114.8972153,4.97832467,,,,,,,,,,,,,,,,,,
38:44.0,114.8972135,4.978325,,,,,,,,,,,,,,,,,,
38:45.0,114.8972128,4.97832517,,,,,,,,,,,,,,,,,,
38:47.0,114.897211,4.97832583,,,,,,,,,,,,,,,,,,
38:49.0,114.8972097,4.97832667,,,,,,,,,,,,,,,,,,
38:51.0,114.8972085,4.978327,,,,,,,,,,,,,,,,,,
38:53.0,114.8972072,4.97832733,,,,,,,,,,,,,,,,,,
38:55.0,114.8972053,4.978328,,,,,,,,,,,,,,,,,,
38:57.0,114.8972042,4.97832833,,,,,,,,,,,,,,,,,,
38:59.0,114.8972027,4.97832867,,,,,,,,,,,,,,,,,,
39:00.0,114.897202,4.97832883,,,,,,,,,,,,,,,,,,
39:01.0,114.8972013,4.978329,,,,,,,,,,,,,,,,,,
39:02.0,114.897201,4.97832917,,,,,,,,,,,,,,,,,,
39:03.0,114.8972007,4.97832933,,,,,,,,,,,,,,,,,,
39:05.0,114.8971997,4.9783295,,,,,,,,,,,,,,,,,,
39:06.0,114.8971995,4.9783295,,,,,,,,,,,,,,,,,,
39:11.0,114.8971993,4.978329,,,,,,,,,,,,,,,,,,
39:12.0,114.8971998,4.97832883,,,,,,,,,,,,,,,,,,
39:13.0,114.8972002,4.97832867,,,,,,,,,,,,,,,,,,
39:14.0,114.8972005,4.9783285,,,,,,,,,,,,,,,,,,
39:16.0,114.8972012,4.97832817,,,,,,,,,,,,,,,,,,
39:17.0,114.897201,4.978328,,,,,,,,,,,,,,,,,,
39:18.0,114.897201,4.97832767,,,,,,,,,,,,,,,,,,
39:19.0,114.897201,4.9783275,,,,,,,,,,,,,,,,,,
39:21.0,114.8972018,4.9783285,,,,,,,,,,,,,,,,,,
39:22.0,114.897202,4.9783305,,,,,,,,,,,,,,,,,,
39:24.0,114.8972032,4.97833333,,,,,,,,,,,,,,,,,,
